Symbol,Company,First Listing Date
BAFNAPH,Bafna Pharmaceuticals Limited,27-Feb-2020
ALOKINDS,Alok Industries Limited,19-Feb-2020
UNIVPHOTO,Universus Photo Imagings Limited,14-Feb-2020
MAHEPC,Mahindra EPC Irrigation Limited,14-Feb-2020
ASALCBR,Associated Alcohols & Breweries Ltd.,12-Feb-2020
BIRLATYRE,Birla Tyres Limited,10-Feb-2020
SHREDIGCEM,Shree Digvijay Cement Co.Ltd,28-Jan-2020
SUMICHEM,Sumitomo Chemical India Limited,27-Jan-2020
RUCHI,Ruchi Soya Industries Limited,24-Jan-2020
ARTEMISMED,Artemis Medicare Services Limited,23-Jan-2020
TOUCHWOOD,Touchwood Entertainment Limited,21-Jan-2020
DPWIRES,D P Wires Limited,17-Jan-2020
VAISHALI,Vaishali Pharma Limited,15-Jan-2020
MMP,MMP Industries Limited,09-Jan-2020
PANACHE,Panache Digilife Limited,06-Jan-2020
PRINCEPIPE,Prince Pipes And Fittings Limited,30-Dec-2019
SHIL,Somany Home Innovation Limited,26-Dec-2019
UJJIVANSFB,Ujjivan Small Finance Bank Limited,12-Dec-2019
CSBBANK,CSB Bank Limited,04-Dec-2019
CHEMBOND,Chembond Chemicals Ltd,20-Nov-2019
KIRLFER,Kirloskar Ferrous Industries Ltd,13-Nov-2019
APOLLOPIPE,Apollo Pipes Limited,11-Nov-2019
JASH,Jash Engineering Limited,30-Oct-2019
KUANTUM,Kuantum Papers Limited,23-Oct-2019
GREENPANEL,Greenpanel Industries Limited,23-Oct-2019
FLUOROCHEM,Gujarat Fluorochemicals Limited,16-Oct-2019
VISHWARAJ,Vishwaraj Sugar Industries Limited,15-Oct-2019
IRCTC,Indian Railway Catering And Tourism Corporation Limited,14-Oct-2019
AKASH,Akash Infra-Projects Limited,11-Oct-2019
IIFLSEC,IIFL Securities Limited,20-Sep-2019
IIFLWAM,Iifl Wealth Management Limited,19-Sep-2019
SAFARI,Safari Industries (India) Limited,12-Sep-2019
MBAPL,Madhya Bharat Agro Products Limited,22-Aug-2019
KRISHANA,Krishana Phoschem Limited,22-Aug-2019
SWSOLAR,Sterling And Wilson Solar Limited,20-Aug-2019
HNDFDS,Hindustan Foods Limited,19-Aug-2019
VIKASPROP,Vikas Proppant & Granite Limited,19-Aug-2019
BCP,B.C. Power Controls Ltd,19-Aug-2019
WESTLIFE,Westlife Development Ltd,19-Aug-2019
ZOTA,Zota Health Care LImited,19-Aug-2019
SPANDANA,Spandana Sphoorty Financial Limited,19-Aug-2019
DOLAT,Dolat Investments Limited,19-Aug-2019
JIYAECO,Jiya Eco-Products Limited,19-Aug-2019
JUMPNET,Jump Networks Limited,19-Aug-2019
VISHAL,Vishal Fabrics Limited,19-Aug-2019
AFFLE,Affle (India) Limited,08-Aug-2019
CREATIVE,Creative Peripherals and Distribution Limited,05-Aug-2019
SHRENIK,Shrenik Limited,02-Aug-2019
SUMIT,Sumit Woods Limited,30-Jul-2019
LIBAS,Libas Designs Limited,23-Jul-2019
SIRCA,Sirca Paints India Limited,22-Jul-2019
SATIA,Satia Industries Limited,17-Jul-2019
DCMNVL,DCM Nouvelle Limited,16-Jul-2019
INFOBEAN,InfoBeans Technologies Limited,15-Jul-2019
SANGINITA,Sanginita Chemicals Limited,15-Jul-2019
OAL,Oriental Aromatics Limited,11-Jul-2019
SEYAIND,Seya Industries Limited,11-Jul-2019
INDIAMART,Indiamart Intermesh Limited,04-Jul-2019
STEELCITY,Steel City Securities Limited,27-Jun-2019
DGCONTENT,Digicontent Limited,18-Jun-2019
PPL,Prakash Pipes Limited,14-Jun-2019
CONFIPET,Confidence Petroleum India Limited,13-Jun-2019
GBGLOBAL,GB Global Limited,04-Jun-2019
EMAMIPAP,Emami Paper Mills Limited,30-May-2019
ONEPOINT,One Point One Solutions Limited,09-May-2019
NEOGEN,Neogen Chemicals Limited,08-May-2019
VIKASMCORP,Vikas Multicorp Limited,08-May-2019
AIRAN,Airan Limited,03-May-2019
KPITTECH,KPIT Technologies Limited,22-Apr-2019
SOUTHWEST,South West Pinnacle Exploration Limited,18-Apr-2019
POLYCAB,Polycab India Limited,16-Apr-2019
MAHESHWARI,Maheshwari Logistics Limited,15-Apr-2019
METROPOLIS,Metropolis Healthcare Limited,15-Apr-2019
RVNL,Rail Vikas Nigam Limited,11-Apr-2019
CKFSL,Cox & Kings Financial Service Limited,11-Apr-2019
SAKAR,Sakar Healthcare Limited,11-Apr-2019
MSTCLTD,Mstc Limited,29-Mar-2019
ARVINDFASN,Arvind Fashions Limited,08-Mar-2019
AGROPHOS,Agro Phos India Limited,08-Mar-2019
ANUP,The Anup Engineering Limited,01-Mar-2019
CHALET,Chalet Hotels Limited,07-Feb-2019
XELPMOC,Xelpmoc Design And Tech Limited,04-Feb-2019
CESCVENT,CESC Ventures Limited,25-Jan-2019
SPENCERS,Spencer's Retail Limited,25-Jan-2019
SAGARDEEP,Sagardeep Alloys Limited,25-Jan-2019
DALBHARAT,Dalmia Bharat Limited,22-Jan-2019
NILASPACES,Nila Spaces Limited,28-Dec-2018
TREJHARA,TREJHARA SOLUTIONS LIMITED,28-Dec-2018
TECHNOE,Techno Electric & Engineering Company Limited,04-Dec-2018
ADANIGAS,Adani Gas Limited,05-Nov-2018
GRSE,Garden Reach Shipbuilders & Engineers Limited,10-Oct-2018
AAVAS,Aavas Financiers Limited,08-Oct-2018
IRCON,Ircon International Limited,28-Sep-2018
AIONJSW,Monnet Ispat & Energy Limited,12-Sep-2018
SIGIND,Signet Industries Limited,29-Aug-2018
CREDITACC,CREDITACCESS GRAMEEN LIMITED,23-Aug-2018
HDFCAMC,HDFC Asset Management Company Limited,06-Aug-2018
TCNSBRANDS,TCNS Clothing Co. Limited,30-Jul-2018
HBSL,HB Stockholdings Limited,23-Jul-2018
VARROC,Varroc Engineering Limited,06-Jul-2018
FINEORG,Fine Organic Industries Limited,02-Jul-2018
RITES,RITES Limited,02-Jul-2018
TALWGYM,Talwalkars Healthclubs Limited,29-Jun-2018
GAYAHWS,Gayatri Highways Limited,28-Jun-2018
SOLARA,Solara Active Pharma Sciences Limited,27-Jun-2018
ADANIGREEN,Adani Green Energy Limited,18-Jun-2018
BORORENEW,BOROSIL RENEWABLES LIMITED,25-May-2018
INDOSTAR,IndoStar Capital Finance Limited,21-May-2018
ORIENTELEC,Orient Electric Limited,14-May-2018
HITECH,Hi-Tech Pipes Limited,07-May-2018
CHEMFAB,Chemfab Alkalis Limited,25-Apr-2018
LEMONTREE,Lemon Tree Hotels Limited,09-Apr-2018
ISEC,ICICI Securities Limited,04-Apr-2018
CENTRUM,Centrum Capital Limited,04-Apr-2018
MIDHANI,Mishra Dhatu Nigam Limited,04-Apr-2018
SANDHAR,Sandhar Technologies Limited,02-Apr-2018
KARDA,Karda Constructions Limited,02-Apr-2018
HAL,Hindustan Aeronautics Limited,28-Mar-2018
BANDHANBNK,Bandhan Bank Limited,27-Mar-2018
SUNDARMHLD,Sundaram Finance Holdings Limited,26-Mar-2018
BDL,Bharat Dynamics Limited,23-Mar-2018
HGINFRA,H.G. Infra Engineering Limited,09-Mar-2018
GMMPFAUDLR,GMM Pfaudler Limited,05-Mar-2018
ASTERDM,Aster DM Healthcare Limited,26-Feb-2018
SHIVAMILLS,Shiva Mills Limited,26-Feb-2018
GALAXYSURF,Galaxy Surfactants Limited,08-Feb-2018
AMBER,Amber Enterprises India Limited,30-Jan-2018
NEWGEN,Newgen Software Technologies Limited,29-Jan-2018
APOLLO,Apollo Micro Systems Limited,22-Jan-2018
ASTRON,Astron Paper & Board Mill Limited,29-Dec-2017
SHIVATEX,Shiva Texyarn Limited,26-Dec-2017
FSC,Future Supply Chain Solutions Limited,18-Dec-2017
SHALBY,Shalby Limited,15-Dec-2017
DNAMEDIA,Diligent Media Corporation Limited,11-Dec-2017
HDFCLIFE,HDFC Life Insurance Company Limited,17-Nov-2017
5PAISA,5Paisa Capital Limited,16-Nov-2017
KHADIM,Khadim India Limited,14-Nov-2017
IFGLEXPOR,IFGL Refractories Limited,14-Nov-2017
NIACL,The New India Assurance Company Limited,13-Nov-2017
MAHLOG,Mahindra Logistics Limited,10-Nov-2017
NAM-INDIA,Nippon Life India Asset Management Limited,06-Nov-2017
TIINDIA,Tube Investments of India Limited,02-Nov-2017
GICRE,General Insurance Corporation of India,25-Oct-2017
IEX,Indian Energy Exchange Limited,23-Oct-2017
MASFIN,MAS Financial Services Limited,18-Oct-2017
TCPLPACK,TCPL Packaging Limited,17-Oct-2017
GODREJAGRO,Godrej Agrovet Limited,16-Oct-2017
SCAPDVR,Stampede Capital Limited,10-Oct-2017
DIAMONDYD,Prataap Snacks Limited,05-Oct-2017
SBILIFE,SBI Life Insurance Company Limited,03-Oct-2017
ICICIGI,ICICI Lombard General Insurance Company Limited,27-Sep-2017
CHOLAHLDNG,Cholamandalam Financial Holdings Limited,25-Sep-2017
CAPACITE,Capacit'e Infraprojects Limited,25-Sep-2017
RHFL,Reliance Home Finance Limited,22-Sep-2017
LASA,Lasa Supergenerics Limited,21-Sep-2017
DCAL,Dishman Carbogen Amcis Limited,21-Sep-2017
MATRIMONY,Matrimony.Com Limited,21-Sep-2017
DIXON,Dixon Technologies (India) Limited,18-Sep-2017
BRNL,Bharat Road Network Limited,18-Sep-2017
APEX,Apex Frozen Foods Limited,04-Sep-2017
ABCAPITAL,Aditya Birla Capital Limited,01-Sep-2017
SMSLIFE,SMS Lifesciences India Limited,17-Aug-2017
COCHINSHIP,Cochin Shipyard Limited,11-Aug-2017
SIS,Security and Intelligence Services (India) Limited,10-Aug-2017
SPTL,Sintex Plastics Technology Limited,08-Aug-2017
OPTIEMUS,Optiemus Infracom Limited,08-Aug-2017
THEINVEST,The Investment Trust Of India Limited,02-Aug-2017
GANGESSECU,Ganges Securities Limited,28-Jul-2017
MAGADSUGAR,Magadh Sugar & Energy Limited,28-Jul-2017
PALASHSECU,Palash Securities Limited,28-Jul-2017
AVADHSUGAR,Avadh Sugar & Energy Limited,28-Jul-2017
SALASAR,Salasar Techno Engineering Limited,25-Jul-2017
STEELXIND,STEEL EXCHANGE INDIA LIMITED,20-Jul-2017
BHAGYAPROP,Bhagyanagar Properties Limited,20-Jul-2017
DYNPRO,Dynemic Products Limited,19-Jul-2017
AUBANK,AU Small Finance Bank Limited,10-Jul-2017
GTPL,GTPL Hathway Limited,04-Jul-2017
CDSL,Central Depository Services (India) Limited,30-Jun-2017
ERIS,Eris Lifesciences Limited,29-Jun-2017
TEJASNET,Tejas Networks Limited,27-Jun-2017
STARCEMENT,Star Cement Limited,16-Jun-2017
PSPPROJECT,PSP Projects Limited,29-May-2017
HUDCO,Housing & Urban Development Corporation Limited,19-May-2017
BHAGYANGR,Bhagyanagar India Limited,17-May-2017
SCHAND,S Chand And Company Limited,09-May-2017
DOLLAR,Dollar Industries Limited,21-Apr-2017
WIPL,The Western India Plywoods Limited,17-Apr-2017
PODDARHOUS,Poddar Housing and Development Limited,10-Apr-2017
APCL,Anjani Portland Cement Limited,10-Apr-2017
NACLIND,NACL Industries Limited,07-Apr-2017
SHANKARA,Shankara Building Products Limited,05-Apr-2017
NRAIL,N R Agarwal Industries Limited,05-Apr-2017
CLEDUCATE,CL Educate Limited,31-Mar-2017
ARIHANTSUP,Arihant Superstructures Limited,28-Mar-2017
URJA,Urja Global Limited,28-Mar-2017
AKSHARCHEM,AksharChem India Limited,28-Mar-2017
TASTYBITE,Tasty Bite Eatables Limited,23-Mar-2017
INTENTECH,Intense Technologies Limited,23-Mar-2017
DMART,Avenue Supermarts Limited,21-Mar-2017
RADIOCITY,Music Broadcast Limited,17-Mar-2017
JITFINFRA,JITF Infralogistics Limited,27-Feb-2017
KALYANI,Kalyani Commercials Limited,13-Feb-2017
PRICOLLTD,Pricol Limited,10-Feb-2017
BSE,BSE Limited,03-Feb-2017
BHANDARI,Bhandari Hosiery Exports Limited,30-Jan-2017
CAPTRUST,Capital Trust Limited,16-Jan-2017
SPCENET,Spacenet Enterprises India Limited,10-Jan-2017
HISARMETAL,Hisar Metal Industries Limited,05-Jan-2017
ITDC,India Tourism Development Corporation Limited,30-Dec-2016
TERASOFT,Tera Software Limited,29-Dec-2016
DFMFOODS,DFM Foods Limited,29-Dec-2016
LAURUSLABS,Laurus Labs Limited,19-Dec-2016
TCIEXP,TCI Express Limited,15-Dec-2016
TMRVL,The Mandhana Retail Ventures Limited,14-Dec-2016
SFL,Sheela Foam Limited,09-Dec-2016
CMICABLES,CMI Limited,29-Nov-2016
KIOCL,KIOCL Limited,29-Nov-2016
NBIFIN,N. B. I. Industrial Finance Company Limited,23-Nov-2016
SANCO,Sanco Industries Limited,22-Nov-2016
PODDARMENT,Poddar Pigments Limited,22-Nov-2016
ROLLT,Rollatainers Limited,22-Nov-2016
KINGFA,Kingfa Science & Technology (India) Limited,15-Nov-2016
VBL,Varun Beverages Limited,08-Nov-2016
PNBHOUSING,PNB Housing Finance Limited,07-Nov-2016
MAZDA,Mazda Limited,01-Nov-2016
NIRAJISPAT,Niraj Ispat Industries Limited,27-Oct-2016
ENDURANCE,Endurance Technologies Limited,19-Oct-2016
MASKINVEST,Mask Investments Limited,14-Oct-2016
HPL,HPL Electric & Power Limited,04-Oct-2016
MARATHON,Marathon Nextgen Realty Limited,29-Sep-2016
ICICIPRULI,ICICI Prudential Life Insurance Company Limited,29-Sep-2016
GNA,GNA Axles Limited,26-Sep-2016
LTTS,L&T Technology Services Limited,23-Sep-2016
CUPID,Cupid Limited,16-Sep-2016
TVVISION,TV Vision Limited,15-Sep-2016
SABEVENTS,Sab Events & Governance Now Media Limited,15-Sep-2016
BIGBLOC,Bigbloc Construction Limited,02-Sep-2016
RBLBANK,RBL Bank Limited,31-Aug-2016
NDGL,Naga Dhunseri Group Limited,29-Aug-2016
FRETAIL,Future Retail Limited,29-Aug-2016
SPAL,S. P. Apparels Limited,12-Aug-2016
DBL,Dilip Buildcon Limited,11-Aug-2016
MINDTECK,Mindteck (India) Limited,02-Aug-2016
ADVENZYMES,Advanced Enzyme Technologies Limited,01-Aug-2016
STAMPEDE,Stampede Capital Limited,25-Jul-2016
LTI,Larsen & Toubro Infotech Limited,21-Jul-2016
LSIL,Lloyds Steels Industries Limited,18-Jul-2016
SOMICONVEY,Somi Conveyor Beltings Limited,18-Jul-2016
MAXINDIA,Max India Limited,14-Jul-2016
GROBTEA,The Grob Tea Company Limited,14-Jul-2016
QUESS,Quess Corp Limited,12-Jul-2016
VIJIFIN,Viji Finance Limited,11-Jul-2016
GPTINFRA,GPT Infraprojects Limited,11-Jul-2016
COMPINFO,Compuage Infocom Limited,07-Jul-2016
MOLDTECH,Mold-Tek Technologies Limited,07-Jul-2016
POKARNA,Pokarna Limited,07-Jul-2016
DAMODARIND,Damodar Industries Limited,04-Jul-2016
MGL,Mahanagar Gas Limited,01-Jul-2016
ADHUNIKIND,Adhunik Industries Limited,01-Jul-2016
SETCO,Setco Automotive Limited,01-Jul-2016
MAHASTEEL,Mahamaya Steel Industries Limited,01-Jul-2016
UVSL,Uttam Value Steels Limited,24-Jun-2016
CONTROLPR,Control Print Limited,24-Jun-2016
MAXVIL,Max Ventures and Industries Limited,22-Jun-2016
PREMEXPLN,Premier Explosives Limited,17-Jun-2016
SALONA,Salona Cotspin Limited,16-Jun-2016
NAGAFERT,Nagarjuna Fertilizers and Chemicals Limited,15-Jun-2016
ABMINTLTD,ABM International Limited,14-Jun-2016
ALBERTDAVD,Albert David Limited,14-Jun-2016
ARMANFIN,Arman Financial Services Limited,14-Jun-2016
ASPINWALL,Aspinwall and Company Limited,14-Jun-2016
BLS,BLS International Services Limited,14-Jun-2016
SHRIPISTON,Shriram Pistons & Rings Limited,02-Jun-2016
PARAGMILK,Parag Milk Foods Limited,19-May-2016
CROMPTON,Crompton Greaves Consumer Electricals Limited,13-May-2016
UJJIVAN,Ujjivan Financial Services Limited,10-May-2016
PALREDTEC,Palred Technologies Limited,09-May-2016
THYROCARE,Thyrocare Technologies Limited,09-May-2016
EQUITAS,Equitas Holdings Limited,21-Apr-2016
INFIBEAM,Infibeam Avenues Limited,04-Apr-2016
BHARATWIRE,Bharat Wire Ropes Limited,01-Apr-2016
PDMJEPAPER,Pudumjee Paper Products Limited,30-Mar-2016
HCG,Healthcare Global Enterprises Limited,30-Mar-2016
KDDL,KDDL Limited,23-Mar-2016
SIMBHALS,Simbhaoli Sugars Limited,14-Mar-2016
GOKULAGRO,Gokul Agro Resources Limited,11-Mar-2016
SEQUENT,Sequent Scientific Limited,10-Mar-2016
BHAGERIA,Bhageria Industries Limited,02-Mar-2016
KELLTONTEC,Kellton Tech Solutions Limited,02-Mar-2016
NECCLTD,North Eastern Carrying Corporation Limited,02-Mar-2016
VIDHIING,Vidhi Specialty Food Ingredients Limited,02-Mar-2016
QUICKHEAL,Quick Heal Technologies Limited,18-Feb-2016
TEAMLEASE,Teamlease Services Limited,12-Feb-2016
PRECAM,Precision Camshafts Limited,08-Feb-2016
JSLHISAR,Jindal Stainless (Hisar) Limited,28-Jan-2016
OCCL,Oriental Carbon & Chemicals Limited,27-Jan-2016
NH,Narayana Hrudayalaya Ltd.,06-Jan-2016
ALKEM,Alkem Laboratories Limited,23-Dec-2015
LALPATHLAB,Dr. Lal Path Labs Ltd.,23-Dec-2015
LINCOLN,Lincoln Pharmaceuticals Limited,17-Dec-2015
KRIDHANINF,Kridhan Infra Limited,11-Dec-2015
PILANIINVS,Pilani Investment and Industries Corporation Limited,08-Dec-2015
SALZERELEC,Salzer Electronics Limited,02-Dec-2015
TTKHLTCARE,TTK Healthcare Limited,02-Dec-2015
UMANGDAIRY,Umang Dairies Limited,02-Dec-2015
BALAXI,Balaxi Ventures Limited,30-Nov-2015
LUXIND,Lux Industries Limited,30-Nov-2015
SHK,S H Kelkar and Company Limited,16-Nov-2015
INDIGO,InterGlobe Aviation Limited,10-Nov-2015
IDFCFIRSTB,IDFC First Bank Limited,06-Nov-2015
PRABHAT,Prabhat Dairy Limited,21-Sep-2015
SADBHIN,Sadbhav Infrastructure Project Limited,16-Sep-2015
GUJGASLTD,Gujarat Gas Limited,15-Sep-2015
SHREEPUSHK,Shree Pushkar Chemicals & Fertilisers Limited,10-Sep-2015
NAVKARCORP,Navkar Corporation Limited,09-Sep-2015
SHARDAMOTR,Sharda Motor Industries Limited,03-Sep-2015
ARVSMART,Arvind SmartSpaces Limited,26-Aug-2015
POWERMECH,Power Mech Projects Limited,26-Aug-2015
SATIN,Satin Creditcare Network Limited,26-Aug-2015
MUTHOOTCAP,Muthoot Capital Services Limited,24-Aug-2015
ORTINLABSS,Ortin Laboratories Limited,21-Aug-2015
PKTEA,The Peria Karamalai Tea & Produce Company Limited,19-Aug-2015
RAMASTEEL,Rama Steel Tubes Limited,19-Aug-2015
MAJESCO,Majesco Limited,19-Aug-2015
AYMSYNTEX,AYM Syntex Limited,14-Aug-2015
KAYA,Kaya Limited,14-Aug-2015
SYNGENE,Syngene International Limited,11-Aug-2015
ADANITRANS,Adani Transmission Limited,31-Jul-2015
SHYAMCENT,Shyam Century Ferrous Limited,28-Jul-2015
BALKRISHNA,Balkrishna Paper Mills Limited,28-Jul-2015
ORICONENT,Oricon Enterprises Limited,24-Jul-2015
ALANKIT,Alankit Limited,30-Jun-2015
SKIPPER,Skipper Limited,27-May-2015
PNCINFRA,PNC Infratech Limited,26-May-2015
NILAINFRA,Nila Infrastructures Limited,21-May-2015
ARROWGREEN,Arrow Greentech Limited,21-May-2015
TPLPLASTEH,TPL Plastech Limited,20-May-2015
UFO,UFO Moviez India Limited,14-May-2015
BCG,Brightcom Group Limited,08-May-2015
FAIRCHEM,Fairchem Speciality Limited,08-May-2015
MEP,MEP Infrastructure Developers Limited,06-May-2015
VRLLOG,VRL Logistics Limited,30-Apr-2015
VETO,Veto Switchgears And Cables Limited,29-Apr-2015
VIPULLTD,Vipul Limited,23-Apr-2015
BYKE,The Byke Hospitality Ltd,15-Apr-2015
AVANTIFEED,Avanti Feeds Limited,15-Apr-2015
LFIC,Lakshmi Finance & Industrial Corporation Limited,15-Apr-2015
INOXWIND,Inox Wind Limited,09-Apr-2015
ADLABS,Adlabs Entertainment Limited,06-Apr-2015
BKMINDST,Bkm Industries Limited,30-Mar-2015
MANAKALUCO,Manaksia Aluminium Company Limited,30-Mar-2015
MANAKCOAT,Manaksia Coated Metals & Industries Limited,30-Mar-2015
MANAKSTEEL,Manaksia Steels Limited,30-Mar-2015
ZENTEC,Zen Technologies Limited,30-Mar-2015
JMA,Jullundur Motor Agency (Delhi) Limited,16-Mar-2015
HESTERBIO,Hester Biosciences Limited,13-Mar-2015
GANECOS,Ganesha Ecosphere Limited,09-Mar-2015
MENONBE,Menon Bearings Limited,09-Mar-2015
LINCPEN,Linc Pen & Plastics Limited,09-Mar-2015
VISHNU,Vishnu Chemicals Limited,05-Mar-2015
GREENLAM,Greenlam Industries Limited,02-Mar-2015
MOLDTKPAC,Mold-Tek Packaging Limited,23-Feb-2015
GENUSPAPER,Genus Paper & Boards Limited,16-Feb-2015
GRPLTD,GRP Limited,12-Feb-2015
LAMBODHARA,Lambodhara Textiles Limited,04-Feb-2015
CCHHL,Country Club Hospitality & Holidays Limited,03-Feb-2015
SHAKTIPUMP,Shakti Pumps (India) Limited,29-Jan-2015
UNITEDTEA,The United Nilgiri Tea Estates Company Limited,28-Jan-2015
APOLSINHOT,Apollo Sindoori Hotels Limited,28-Jan-2015
GULPOLY,Gulshan Polyols Limited,28-Jan-2015
CAMLINFINE,Camlin Fine Sciences Limited,20-Jan-2015
DTIL,Dhunseri Tea & Industries Limited,20-Jan-2015
FCL,Fineotex Chemical Limited,15-Jan-2015
BEARDSELL,Beardsell Limited,13-Jan-2015
GOODLUCK,Goodluck India Limited,08-Jan-2015
AMRUTANJAN,Amrutanjan Health Care Limited,02-Jan-2015
MONTECARLO,Monte Carlo Fashions Limited,19-Dec-2014
INTELLECT,Intellect Design Arena Limited,18-Dec-2014
MANAPPURAM,Manappuram Finance Limited,01-Dec-2014
PDSMFL,PDS Multinational Fashions Limited,21-Oct-2014
MINDACORP,Minda Corporation Limited,16-Oct-2014
CIGNITITEC,Cigniti Technologies Limited,13-Oct-2014
SHEMAROO,Shemaroo Entertainment Limited,01-Oct-2014
SUPERHOUSE,Superhouse Limited,26-Sep-2014
SHARDACROP,Sharda Cropchem Limited,23-Sep-2014
SNOWMAN,Snowman Logistics Limited,12-Sep-2014
GULFOILLUB,Gulf Oil Lubricants India Limited,31-Jul-2014
GOCLCORP,GOCL Corporation Limited,26-Jun-2014
CAPLIPOINT,Caplin Point Laboratories Limited,23-Jun-2014
HATSUN,Hatsun Agro Product Limited,20-Jun-2014
AGARIND,Agarwal Industrial Corporation Limited,26-May-2014
WONDERLA,Wonderla Holidays Limited,09-May-2014
BUTTERFLY,Butterfly Gandhimathi Appliances Limited,28-Apr-2014
ARCOTECH,Arcotech Limited,16-Apr-2014
SDBL,Som Distilleries & Breweries Limited,18-Mar-2014
CASTROLIND,Castrol India Limited,14-Mar-2014
AGRITECH,Agri-Tech (India) Limited,28-Jan-2014
NATHBIOGEN,Nath Bio-Genes (India) Limited,28-Jan-2014
CNOVAPETRO,CIL Nova Petrochemicals Limited,01-Jan-2014
SREEL,Sreeleathers Limited,01-Jan-2014
JPOLYINVST,Jindal Poly Investment and Finance Company Limited,11-Nov-2013
LYPSAGEMS,Lypsa Gems & Jewellery Limited,05-Nov-2013
ORBTEXP,Orbit Exports Limited,05-Nov-2013
PILITA,PIL ITALICA LIFESTYLE LIMITED,07-Oct-2013
FLFL,Future Lifestyle Fashions Limited,01-Oct-2013
NTL,Neueon Towers Limited,11-Sep-2013
INTEGRA,Integra Garments and Textiles Limited,20-Aug-2013
IBULHSGFIN,Indiabulls Housing Finance Limited,23-Jul-2013
ABFRL,Aditya Birla Fashion and Retail Limited,17-Jul-2013
ORIENTCEM,Orient Cement Limited,12-Jul-2013
FCONSUMER,Future Consumer Limited,04-Jul-2013
CEREBRAINT,Cerebra Integrated Technologies Limited,26-Jun-2013
ATULAUTO,Atul Auto Limited,26-Jun-2013
JUSTDIAL,Just Dial Limited,05-Jun-2013
VIVIDHA,Visagar Polytex Limited,21-May-2013
GSCLCEMENT,Gujarat Sidhee Cement Limited,15-May-2013
NIBL,NRB Industrial Bearings Limited,09-Apr-2013
REPCOHOME,Repco Home Finance Limited,01-Apr-2013
ANKITMETAL,Ankit Metal & Power Limited,14-Mar-2013
MOHITIND,Mohit Industries Limited,14-Mar-2013
VMART,V-Mart Retail Limited,20-Feb-2013
INFRATEL,Bharti Infratel Limited,28-Dec-2012
PCJEWELLER,PC Jeweller Limited,27-Dec-2012
CARERATING,CARE Ratings Limited,26-Dec-2012
ZUARI,Zuari Agro Chemicals Limited,27-Nov-2012
SUNCLAYLTD,Sundaram Clayton Limited,23-Oct-2012
PROSEED,Proseed India Limited,16-Oct-2012
DUCON,Ducon Infratechnologies Limited,09-Oct-2012
KITEX,Kitex Garments Limited,25-Sep-2012
MAYURUNIQ,Mayur Uniquoters Ltd,25-Sep-2012
ROSSELLIND,Rossell India Limited,25-Sep-2012
MORARJEE,Morarjee Textiles Limited,14-Sep-2012
PROZONINTU,Prozone Intu Properties Limited,12-Sep-2012
SEPOWER,S.E. Power Limited,27-Jul-2012
CINELINE,Cineline India Limited,13-Jun-2012
SPECIALITY,Speciality Restaurants Limited,30-May-2012
CHROMATIC,Chromatic India Limited,29-May-2012
SWANENERGY,Swan Energy Limited,29-May-2012
VSSL,Vardhman Special Steels Limited,17-May-2012
TBZ,Tribhovandas Bhimji Zaveri Limited,09-May-2012
HEXATRADEX,Hexa Tradex Limited,20-Apr-2012
MTEDUCARE,MT Educare Limited,12-Apr-2012
NBCC,NBCC (India) Limited,12-Apr-2012
MMTC,MMTC Limited,09-Apr-2012
NDL,Nandan Denim Limited,23-Mar-2012
SCHNEIDER,Schneider Electric Infrastructure Limited,20-Mar-2012
ORIENTREF,Orient Refractories Limited,12-Mar-2012
MCX,Multi Commodity Exchange of India Limited,09-Mar-2012
COMPUSOFT,Compucom Software Limited,02-Mar-2012
DBSTOCKBRO,DB (International) Stock Brokers Limited,29-Feb-2012
THOMASCOTT,Thomas Scott (India) Limited,30-Jan-2012
KANANIIND,Kanani Industries Limited,14-Dec-2011
APLAPOLLO,APL Apollo Tubes Limited,14-Dec-2011
VIKASECO,Vikas EcoTech Limited,12-Dec-2011
RUPA,Rupa & Company Limited,07-Dec-2011
POLYMED,Poly Medicure Limited,07-Dec-2011
DSSL,Dynacons Systems & Solutions Limited,01-Dec-2011
JISLDVREQS,Jain Irrigation Systems Limited,30-Nov-2011
ESSARSHPNG,Essar Shipping Limited,15-Nov-2011
INDOTHAI,Indo Thai Securities Limited,02-Nov-2011
TRITURBINE,Triveni Turbine Limited,28-Oct-2011
UJAAS,Ujaas Energy Limited,20-Oct-2011
FLEXITUFF,Flexituff Ventures International Limited,19-Oct-2011
PAISALO,Paisalo Digital Limited,17-Oct-2011
ONELIFECAP,Onelife Capital Advisors Limited,17-Oct-2011
TIJARIA,Tijaria Polypipes Limited,14-Oct-2011
SETUINFRA,Setubandhan Infrastructure Limited,04-Oct-2011
PANAMAPET,Panama Petrochem Limited,30-Sep-2011
PGEL,PG Electroplast Limited,26-Sep-2011
VASWANI,Vaswani Industries Limited,20-Sep-2011
APLLTD,Alembic Pharmaceuticals Limited,20-Sep-2011
CIMMCO,Cimmco Limited,08-Sep-2011
TECHIN,Techindia Nirman Limited,08-Sep-2011
TDPOWERSYS,TD Power Systems Limited,08-Sep-2011
BROOKS,Brooks Laboratories Limited,05-Sep-2011
FILATEX,Filatex India Limited,29-Aug-2011
ASAHISONG,Asahi Songwon Colors Limited,29-Aug-2011
TREEHOUSE,Tree House Education & Accessories Limited,26-Aug-2011
GAYAPROJ,Gayatri Projects Limited,22-Aug-2011
BODALCHEM,Bodal Chemicals Limited,22-Aug-2011
IBULISL,Indiabulls Integrated Services Limited,18-Aug-2011
WINDMACHIN,Windsor Machines Limited,17-Aug-2011
L&TFH,L&T Finance Holdings Limited,12-Aug-2011
ELGIRUBCO,Elgi Rubber Company Limited,10-Aug-2011
INVENTURE,Inventure Growth & Securities Limited,04-Aug-2011
BGLOBAL,Bharatiya Global Infomedia Limited,28-Jul-2011
RUSHIL,Rushil Decor Limited,07-Jul-2011
MAITHANALL,Maithan Alloys Limited,05-Jul-2011
KWALITY,kwality limited,05-Jul-2011
DHANUKA,Dhanuka Agritech Limited,29-Jun-2011
ASHIANA,Ashiana Housing Limited,29-Jun-2011
KARMAENG,Karma Energy Limited,28-Jun-2011
DQE,DQ Entertainment (International) Limited,20-Jun-2011
VSTTILLERS,V.S.T Tillers Tractors Limited,20-Jun-2011
ESTER,Ester Industries Limited,20-Jun-2011
OMMETALS,OM Metals Infraprojects Limited,17-Jun-2011
RELAXO,Relaxo Footwears Limited,17-Jun-2011
PIIND,PI Industries Limited,15-Jun-2011
SYMPHONY,Symphony Limited,15-Jun-2011
VADILALIND,Vadilal Industries Limited,15-Jun-2011
SANGHVIFOR,Sanghvi Forging and Engineering Limited,23-May-2011
MUTHOOTFIN,Muthoot Finance Limited,06-May-2011
TCIDEVELOP,TCI Developers Limited,19-Apr-2011
PFS,PTC India Financial Services Limited,30-Mar-2011
LOVABLE,Lovable Lingerie Limited,24-Mar-2011
DHUNINV,Dhunseri Investments Limited,18-Mar-2011
INDTERRAIN,Indian Terrain Fashions Limited,11-Mar-2011
HFCL,HFCL Limited,09-Mar-2011
TEXRAIL,Texmaco Rail & Engineering Limited,03-Mar-2011
HINDMOTORS,Hindustan Motors Limited,21-Feb-2011
BILENERGY,Bil Energy Systems Limited,15-Feb-2011
JUBLINDS,Jubilant Industries Limited,14-Feb-2011
OMKARCHEM,Omkar Speciality Chemicals Limited,10-Feb-2011
STEL,Stel Holdings Limited,09-Feb-2011
SUMMITSEC,Summit Securities Limited,28-Jan-2011
KICL,Kalyani Investment Company Limited,14-Jan-2011
BFINVEST,BF Investment Limited,14-Jan-2011
SPYL,Shekhawati Poly-Yarn Limited,12-Jan-2011
SURANASOL,Surana Solar Limited,07-Jan-2011
FMNL,Future Market Networks Limited,31-Dec-2010
PSB,Punjab & Sind Bank,30-Dec-2010
RKDL,Ravi Kumar Distilleries Limited,27-Dec-2010
KIRLOSENG,Kirloskar Oil Engines Limited,24-Dec-2010
A2ZINFRA,A2Z Infra Engineering Limited,23-Dec-2010
ZEELEARN,Zee Learn Limited,20-Dec-2010
MOIL,MOIL Limited,15-Dec-2010
JAMNAAUTO,Jamna Auto Industries Limited,10-Dec-2010
SUMEETINDS,Sumeet Industries Limited,10-Dec-2010
RPPINFRA,R.P.P. Infra Projects Limited,06-Dec-2010
JINDWORLD,Jindal Worldwide Limited,25-Nov-2010
PENIND,Pennar Industries Limited,25-Nov-2010
GRAVITA,Gravita India Limited,16-Nov-2010
IOLCP,IOL Chemicals and Pharmaceuticals Limited,08-Nov-2010
ANDHRACEMT,Andhra Cements Limited,08-Nov-2010
COALINDIA,Coal India Limited,04-Nov-2010
RESPONIND,Responsive Industries Limited,29-Oct-2010
CGCL,Capri Global Capital Limited,29-Oct-2010
GAL,Gyscoal Alloys Limited,27-Oct-2010
PRESTIGE,Prestige Estates Projects Limited,27-Oct-2010
OBEROIRLTY,Oberoi Realty Limited,20-Oct-2010
CEBBCO,Commercial Engineers & Body Builders Co Limited,18-Oct-2010
BEDMUTHA,Bedmutha Industries Limited,14-Oct-2010
ASHOKA,Ashoka Buildcon Limited,14-Oct-2010
WABAG,VA Tech Wabag Limited,13-Oct-2010
CANTABIL,Cantabil Retail India Limited,12-Oct-2010
GALLISPAT,Gallantt Ispat Limited,11-Oct-2010
RAMKY,Ramky Infrastructure Limited,08-Oct-2010
GREENPOWER,Orient Green Power Company Limited,08-Oct-2010
CAREERP,Career Point Limited,06-Oct-2010
EROSMEDIA,Eros International Media Limited,06-Oct-2010
SASTASUNDR,Sastasundar Ventures Limited,05-Oct-2010
ORISSAMINE,The Orissa Minerals Development Company Limited,29-Sep-2010
DEEPAKNTR,Deepak Nitrite Limited,29-Sep-2010
KILITCH,Kilitch Drugs (India) Limited,29-Sep-2010
WELINV,Welspun Investments and Commercials Limited,20-Sep-2010
ADFFOODS,ADF Foods Limited,15-Sep-2010
HINDCOPPER,Hindustan Copper Limited,15-Sep-2010
GPPL,Gujarat Pipavav Port Limited,09-Sep-2010
PRAKASHSTL,Prakash Steelage Limited,25-Aug-2010
UGARSUGAR,The Ugar Sugar Works Limited,23-Aug-2010
PDPL,Parenteral Drugs (India) Limited,19-Aug-2010
BAJAJCON,Bajaj Consumer Care Limited,18-Aug-2010
IITL,Industrial Investment Trust Limited,17-Aug-2010
AHLEAST,Asian Hotels (East) Limited,11-Aug-2010
AHLWEST,Asian Hotels (West) Limited,05-Aug-2010
EMAMIREAL,Emami Realty Limited,28-Jul-2010
BLISSGVS,Bliss GVS Pharma Limited,26-Jul-2010
IMFA,Indian Metals & Ferro Alloys Limited,23-Jul-2010
HMVL,Hindustan Media Ventures Limited,21-Jul-2010
TECHNOFAB,Technofab Engineering Limited,16-Jul-2010
TI,Tilaknagar Industries Limited,16-Jul-2010
UMESLTD,Usha Martin Education & Solutions Limited,12-Jul-2010
KIRLOSIND,Kirloskar Industries Limited,24-Jun-2010
PIONDIST,Pioneer Distilleries Limited,15-Jun-2010
SUNDARAM,Sundaram Multi Pap Limited,02-Jun-2010
JPINFRATEC,Jaypee Infratech Limited,21-May-2010
SJVN,SJVN Limited,20-May-2010
KSL,Kalyani Steels Limited,19-May-2010
TARAPUR,Tarapur Transformers Limited,18-May-2010
TALWALKARS,Talwalkars Better Value Fitness Limited,10-May-2010
KIRLOSBROS,Kirloskar Brothers Limited,20-Apr-2010
ISFT,Intrasoft Technologies Limited,12-Apr-2010
ASIANHOTNR,Asian Hotels (North) Limited,07-Apr-2010
PERSISTENT,Persistent Systems Limited,06-Apr-2010
WHIRLPOOL,Whirlpool of India Limited,06-Apr-2010
PRADIP,Pradip Overseas Limited,05-Apr-2010
LGBBROSLTD,LG Balakrishnan & Bros Limited,30-Mar-2010
TRF,TRF Limited,26-Mar-2010
UNITEDBNK,United Bank of India,18-Mar-2010
MANINFRA,Man Infraconstruction Limited,11-Mar-2010
TEXMOPIPES,Texmo Pipes and Products Limited,10-Mar-2010
DEEPIND,Deep Industries Limited,09-Mar-2010
KECL,Kirloskar Electric Company Limited,09-Mar-2010
ORIENTLTD,Orient Press Limited,03-Mar-2010
ARSSINFRA,ARSS Infrastructure Projects Limited,03-Mar-2010
HATHWAY,Hathway Cable & Datacom Limited,25-Feb-2010
EMMBI,Emmbi Industries Limited,24-Feb-2010
DBREALTY,D B Realty Limited,24-Feb-2010
THANGAMAYL,Thangamayil Jewellery Limited,19-Feb-2010
VASCONEQ,Vascon Engineers Limited,15-Feb-2010
SYNCOM,Syncom Healthcare Limited,15-Feb-2010
JUBLFOOD,Jubilant Foodworks Limited,08-Feb-2010
MBLINFRA,MBL Infrastructures Limited,11-Jan-2010
NESTLEIND,Nestle India Limited,08-Jan-2010
BAYERCROP,Bayer Cropscience Limited,08-Jan-2010
ABBOTINDIA,Abbott India Limited,08-Jan-2010
DBCORP,D.B.Corp Limited,06-Jan-2010
GODREJPROP,Godrej Properties Limited,05-Jan-2010
JSWENERGY,JSW Energy Limited,04-Jan-2010
DLINKINDIA,D-Link (India) Limited,18-Dec-2009
ARSHIYA,Arshiya Limited,14-Dec-2009
GILLANDERS,Gillanders Arbuthnot & Company Limited,14-Dec-2009
AHLUCONT,Ahluwalia Contracts (India) Limited,14-Dec-2009
SHILPAMED,Shilpa Medicare Limited,03-Dec-2009
SARDAEN,Sarda Energy & Minerals Limited,03-Dec-2009
REFEX,Refex Industries Limited,03-Dec-2009
ASTEC,Astec LifeSciences Limited,25-Nov-2009
DEN,Den Networks Limited,24-Nov-2009
SUNTECK,Sunteck Realty Limited,13-Nov-2009
ZYDUSWELL,Zydus Wellness Limited,13-Nov-2009
RTNPOWER,RattanIndia Power Limited,30-Oct-2009
EXPLEOSOL,Expleo Solutions Limited,26-Oct-2009
EUROMULTI,Euro Multivision Limited,15-Oct-2009
RNAVAL,Reliance Naval and Engineering Limited,09-Oct-2009
OIL,Oil India Limited,30-Sep-2009
GLOBUSSPR,Globus Spirits Limited,23-Sep-2009
JINDCOT,Jindal Cotex Limited,22-Sep-2009
NHPC,NHPC Limited,01-Sep-2009
ADANIPOWER,Adani Power Limited,20-Aug-2009
EXCEL,Excel Realty N Infra Limited,03-Aug-2009
VINATIORGA,Vinati Organics Limited,28-Jul-2009
GKWLIMITED,GKW Limited,20-Jul-2009
MHRIL,Mahindra Holidays & Resorts India Limited,16-Jul-2009
AJMERA,Ajmera Realty & Infra India Limited,16-Jun-2009
HINDNATGLS,Hindusthan National Glass & Industries Limited,15-Apr-2009
HARITASEAT,Harita Seating Systems Limited,06-Apr-2009
MAWANASUG,Mawana Sugars Limited,20-Mar-2009
FELDVR,Future Enterprises Limited,13-Feb-2009
GISOLUTION,GI Engineering Solutions Limited,30-Jan-2009
COUNCODOS,Country Condo's Limited,22-Jan-2009
JIKIND,JIK Industries Limited,26-Nov-2008
ALKALI,Alkali Metals Limited,06-Nov-2008
TATAMTRDVR,Tata Motors Limited,05-Nov-2008
NEULANDLAB,Neuland Laboratories Limited,13-Oct-2008
JOCIL,Jocil Limited,08-Oct-2008
INDBANK,Indbank Merchant Banking Services Limited,08-Oct-2008
20MICRONS,20 Microns Limited,06-Oct-2008
WABCOINDIA,WABCO India Limited,01-Oct-2008
SICAGEN,Sicagen India Limited,21-Aug-2008
LPDC,Landmark Property Development Company Limited,12-Aug-2008
OISL,OCL Iron and Steel Limited,01-Aug-2008
LGBFORGE,LGB Forge Limited,01-Aug-2008
KOKUYOCMLN,Kokuyo Camlin Limited,28-Jul-2008
UBL,United Breweries Limited,28-Jul-2008
VINYLINDIA,Vinyl Chemicals (India) Limited,21-Jul-2008
KSK,KSK Energy Ventures Limited,14-Jul-2008
LOTUSEYE,Lotus Eye Hospital and Institute Limited,11-Jul-2008
ARCHIDPLY,Archidply Industries Limited,04-Jul-2008
GET&D,GE T&D India Limited,30-Jun-2008
RANEENGINE,Rane Engine Valve Limited,24-Jun-2008
RBL,Rane Brake Lining Limited,20-Jun-2008
ALMONDZ,Almondz Global Securities Limited,16-Jun-2008
RPGLIFE,RPG Life Sciences Limited,10-Jun-2008
GOKUL,Gokul Refoils and Solvent Limited,04-Jun-2008
DIGISPICE,DiGiSPICE Technologies Limited,27-May-2008
BAJAJFINSV,Bajaj Finserv Limited,26-May-2008
BAJAJ-AUTO,Bajaj Auto Limited,26-May-2008
ANIKINDS,Anik Industries Limited,21-May-2008
KIRIINDUS,Kiri Industries Limited,22-Apr-2008
TWL,Titagarh Wagons Limited,21-Apr-2008
DPSCLTD,DPSC Limited,21-Apr-2008
EIHAHOTELS,EIH Associated Hotels Limited,08-Apr-2008
NESCO,Nesco Limited,08-Apr-2008
GAMMNINFRA,Gammon Infrastructure Projects Limited,03-Apr-2008
IBVENTURES,Indiabulls Ventures Limited,02-Apr-2008
BALLARPUR,Ballarpur Industries Limited,31-Mar-2008
VGUARD,V-Guard Industries Limited,13-Mar-2008
RECLTD,REC Limited,12-Mar-2008
NAHARCAP,Nahar Capital and Financial Services Limited,11-Mar-2008
GSS,GSS Infotech Limited,07-Mar-2008
RAIN,Rain Industries Limited,03-Mar-2008
SHALPAINTS,Shalimar Paints Limited,03-Mar-2008
NMDC,NMDC Limited,03-Mar-2008
IRB,IRB Infrastructure Developers Limited,25-Feb-2008
SHRIRAMEPC,Shriram EPC Limited,20-Feb-2008
BANG,Bang Overseas Limited,20-Feb-2008
ONMOBILE,OnMobile Global Limited,19-Feb-2008
HERCULES,Hercules Hoists Limited,19-Feb-2008
SUJANAUNI,Sujana Universal Industries Limited,19-Feb-2008
TANTIACONS,Tantia Constructions Limited,19-Feb-2008
KNRCON,KNR Constructions Limited,18-Feb-2008
CORDSCABLE,Cords Cable Industries Limited,13-Feb-2008
JKIL,J.Kumar Infraprojects Limited,12-Feb-2008
RPOWER,Reliance Power Limited,11-Feb-2008
BIRLAMONEY,Aditya Birla Money Limited,07-Feb-2008
CEATLTD,CEAT Limited,01-Feb-2008
KAVVERITEL,Kavveri Telecom Products Limited,29-Jan-2008
AMBIKCO,Ambika Cotton Mills Limited,29-Jan-2008
PATINTLOG,Patel Integrated Logistics Limited,11-Jan-2008
DVL,Dhunseri Ventures Limited,11-Jan-2008
ARIES,Aries Agro Limited,11-Jan-2008
PPAP,PPAP Automotive Limited,11-Jan-2008
MANAKSIA,Manaksia Limited,08-Jan-2008
BGRENERGY,BGR Energy Systems Limited,03-Jan-2008
BURNPUR,Burnpur Cement Limited,03-Jan-2008
ECLERX,eClerx Services Limited,31-Dec-2007
BRIGADE,Brigade Enterprises Limited,31-Dec-2007
TRIL,Transformers And Rectifiers (India) Limited,28-Dec-2007
KALYANIFRG,Kalyani Forge Limited,20-Dec-2007
MADHAV,Madhav Marbles and Granites Limited,20-Dec-2007
HITECHCORP,Hitech Corporation Limited,20-Dec-2007
JYOTHYLAB,Jyothy Labs Limited,19-Dec-2007
COLPAL,Colgate Palmolive (India) Limited,17-Dec-2007
KAUSHALYA,Kaushalya Infrastructure Development Corporation Limited,14-Dec-2007
KOLTEPATIL,Kolte - Patil Developers Limited,13-Dec-2007
RGL,Renaissance Global Limited,12-Dec-2007
EDELWEISS,Edelweiss Financial Services Limited,12-Dec-2007
ADANIPORTS,Adani Ports and Special Economic Zone Limited,27-Nov-2007
RMCL,Radha Madhav Corporation Limited,26-Nov-2007
ALKYLAMINE,Alkyl Amines Chemicals Limited,26-Nov-2007
JMCPROJECT,JMC Projects (India)  Limited,26-Nov-2007
BVCL,Barak Valley Cements Limited,23-Nov-2007
RELIGARE,Religare Enterprises Limited,21-Nov-2007
SABTN,Sri Adhikari Brothers Television Network Limited,16-Nov-2007
ENERGYDEV,Energy Development Company Limited,02-Nov-2007
BAJAJELEC,Bajaj Electricals Limited,02-Nov-2007
CERA,Cera Sanitaryware Limited,02-Nov-2007
DELTACORP,Delta Corp Limited,02-Nov-2007
MAANALU,Maan Aluminium Limited,22-Oct-2007
MANGCHEFER,Mangalore Chemicals & Fertilizers Limited,22-Oct-2007
SUPREMEINF,Supreme Infrastructure India Limited,18-Oct-2007
POWERGRID,Power Grid Corporation of India Limited,05-Oct-2007
CENTUM,Centum Electronics Limited,05-Oct-2007
KSCL,Kaveri Seed Company Limited,04-Oct-2007
MAGNUM,Magnum Ventures Limited,20-Sep-2007
NAGREEKCAP,Nagreeka Capital & Infrastructure Limited,18-Sep-2007
INDOWIND,Indowind Energy Limited,14-Sep-2007
MOTILALOFS,Motilal Oswal Financial Services Limited,11-Sep-2007
PURVA,Puravankara Limited,30-Aug-2007
MAHINDCIE,Mahindra CIE Automotive Limited,30-Aug-2007
KPRMILL,K.P.R. Mill Limited,28-Aug-2007
ISMTLTD,ISMT Limited,28-Aug-2007
SRIPIPES,Srikalahasthi Pipes Limited,28-Aug-2007
TAKE,Take Solutions Limited,27-Aug-2007
ASIANTILES,Asian Granito India Limited,23-Aug-2007
VICEROY,Viceroy Hotels Limited,21-Aug-2007
SELMCL,SEL Manufacturing Company Limited,21-Aug-2007
CENTRALBK,Central Bank of India,21-Aug-2007
ELECTHERM,Electrotherm (India) Limited,20-Aug-2007
OMAXE,Omaxe Limited,09-Aug-2007
VIPCLOTHNG,VIP Clothing Limited,06-Aug-2007
ALPA,Alpa Laboratories Limited,06-Aug-2007
DECCANCE,Deccan Cements Limited,02-Aug-2007
WSI,W S Industries (I) Limited,01-Aug-2007
ALCHEM,Alchemist Limited,31-Jul-2007
ADSL,Allied Digital Services Limited,25-Jul-2007
HDIL,Housing Development and Infrastructure Limited,24-Jul-2007
MEGASOFT,Megasoft Limited,19-Jul-2007
SPARC,Sun Pharma Advanced Research Company Limited,18-Jul-2007
CELESTIAL,Celestial Biolabs Limited,17-Jul-2007
TARMAT,Tarmat Limited,09-Jul-2007
DLF,DLF Limited,05-Jul-2007
V2RETAIL,V2 Retail Limited,04-Jul-2007
MEGH,Meghmani Organics Limited,28-Jun-2007
NELCAST,Nelcast Limited,27-Jun-2007
ADVANIHOTR,Advani Hotels & Resorts (India) Limited,25-Jun-2007
HGS,Hinduja Global Solutions Limited,19-Jun-2007
NAGREEKEXP,Nagreeka Exports Limited,18-Jun-2007
TIMETECHNO,Time Technoplast Limited,13-Jun-2007
GOACARBON,Goa Carbon Limited,05-Jun-2007
GUJAPOLLO,Gujarat Apollo Industries Limited,04-Jun-2007
NAVINFLUOR,Navin Fluorine International Limited,01-Jun-2007
KMSUGAR,K.M.Sugar Mills Limited,31-May-2007
MCDHOLDING,McDowell Holdings Limited,30-May-2007
MIC,MIC Electronics Limited,30-May-2007
INSECTICID,Insecticides (India) Limited,30-May-2007
HILTON,Hilton Metal Forging Limited,24-May-2007
TGBHOTELS,TGB Banquets And Hotels Limited,17-May-2007
WEBELSOLAR,Websol Energy System Limited,15-May-2007
ALPHAGEO,Alphageo (India) Limited,11-May-2007
FORTIS,Fortis Healthcare Limited,09-May-2007
SRHHYPOLTD,Sree Rayalaseema Hi-Strength Hypo Limited,08-May-2007
GLOBOFFS,Global Offshore Services Limited,03-May-2007
BFUTILITIE,BF Utilities Limited,03-May-2007
ZENITHBIR,Zenith Birla (India) Limited,30-Apr-2007
NXTDIGITAL,NXTDIGITAL LIMITED,24-Apr-2007
AROGRANITE,Aro Granite Industries Limited,24-Apr-2007
PHOENIXLTD,The Phoenix Mills Limited,23-Apr-2007
DISHTV,Dish TV India Limited,18-Apr-2007
ICRA,ICRA Limited,13-Apr-2007
BANSWRAS,Banswara Syntex Limited,11-Apr-2007
BALAMINES,Balaji Amines Limited,05-Apr-2007
GARFIBRES,Garware Technical Fibres Limited,03-Apr-2007
NCLIND,NCL Industries Limited,03-Apr-2007
JMTAUTOLTD,JMT Auto Limited,02-Apr-2007
THEMISMED,Themis Medicare Limited,02-Apr-2007
NAHARPOLY,Nahar Poly Films Limited,23-Mar-2007
IBREALEST,Indiabulls Real Estate Limited,23-Mar-2007
NAHARSPING,Nahar Spinning Mills Limited,23-Mar-2007
ASTRAL,Astral Poly Technik Limited,20-Mar-2007
AMDIND,AMD Industries Limited,19-Mar-2007
JKTYRE,JK Tyre & Industries Limited,19-Mar-2007
RAJTV,Raj Television Network Limited,16-Mar-2007
PAGEIND,Page Industries Limited,16-Mar-2007
LAOPALA,La Opala RG Limited,16-Mar-2007
IDEA,Vodafone Idea Limited,09-Mar-2007
PUNJABCHEM,Punjab Chemicals & Crop Protection Limited,08-Mar-2007
UNIPLY,Uniply Industries Limited,08-Mar-2007
MINDTREE,MindTree Limited,07-Mar-2007
ORIENTALTL,Oriental Trimex Limited,07-Mar-2007
HSCL,Himadri Speciality Chemical Limited,02-Mar-2007
GANESHHOUC,Ganesh Housing Corporation Limited,02-Mar-2007
INDIANB,Indian Bank,01-Mar-2007
SMSPHARMA,SMS Pharmaceuticals Limited,28-Feb-2007
TFL,Transwarranty Finance Limited,26-Feb-2007
PFC,Power Finance Corporation Limited,23-Feb-2007
TTL,T T Limited,22-Feb-2007
FSL,Firstsource Solutions Limited,22-Feb-2007
PGIL,Pearl Global Industries Limited,15-Feb-2007
REDINGTON,Redington (India) Limited,15-Feb-2007
ORIENTBELL,Orient Bell Limited,14-Feb-2007
TVSSRICHAK,TVS Srichakra Limited,13-Feb-2007
TIIL,Technocraft Industries (India) Limited,12-Feb-2007
TV18BRDCST,TV18 Broadcast Limited,08-Feb-2007
HUBTOWN,Hubtown Limited,07-Feb-2007
CTE,Cambridge Technology Enterprises Limited,07-Feb-2007
TIMKEN,Timken India Limited,06-Feb-2007
IZMO,IZMO Limited,05-Feb-2007
PITTIENG,Pitti Engineering Limited,02-Feb-2007
MINDAIND,Minda Industries Limited,02-Feb-2007
NETWORK18,Network18 Media & Investments Limited,02-Feb-2007
AUTOIND,Autoline Industries Limited,31-Jan-2007
GANDHITUBE,Gandhi Special Tubes Limited,31-Jan-2007
SAGCEM,Sagar Cements Limited,29-Jan-2007
SIYSIL,Siyaram Silk Mills Limited,29-Jan-2007
WANBURY,Wanbury Limited,29-Jan-2007
PTL,PTL Enterprises Limited,29-Jan-2007
IGPL,IG Petrochemicals Limited,29-Jan-2007
SANGHVIMOV,Sanghvi Movers Limited,24-Jan-2007
SARLAPOLY,Sarla Performance Fibers Limited,19-Jan-2007
TIDEWATER,Tide Water Oil Company (India) Limited,16-Jan-2007
LUMAXTECH,Lumax Auto Technologies Limited,16-Jan-2007
AVTNPL,AVT Natural Products Limited,10-Jan-2007
SITINET,Siti Networks Limited,10-Jan-2007
ZEEMEDIA,Zee Media Corporation Limited,10-Jan-2007
TANLA,Tanla Solutions Limited,05-Jan-2007
HBLPOWER,HBL Power Systems Limited,04-Jan-2007
PARACABLES,Paramount Communications Limited,03-Jan-2007
PRAENG,Prajay Engineers Syndicate Limited,02-Jan-2007
PLASTIBLEN,Plastiblends India Limited,28-Dec-2006
NFL,National Fertilizers Limited,28-Dec-2006
CREST,Crest Ventures Limited,27-Dec-2006
SATHAISPAT,Sathavahana Ispat Limited,27-Dec-2006
ARIHANT,Arihant Foundations & Housing Limited,26-Dec-2006
HIRECT,Hind Rectifiers Limited,26-Dec-2006
BANCOINDIA,Banco Products (I) Limited,22-Dec-2006
JINDRILL,Jindal Drilling And Industries Limited,22-Dec-2006
MMFL,MM Forgings Limited,20-Dec-2006
SPENTEX,Spentex Industries Limited,20-Dec-2006
SOBHA,Sobha Limited,20-Dec-2006
RUCHIRA,Ruchira Papers Limited,20-Dec-2006
VENUSREM,Venus Remedies Limited,20-Dec-2006
DONEAR,Donear Industries Limited,20-Dec-2006
DAAWAT,LT Foods Limited,18-Dec-2006
SUTLEJTEX,Sutlej Textiles and Industries Limited,14-Dec-2006
MANALIPETC,Manali Petrochemicals Limited,06-Dec-2006
PARSVNATH,Parsvnath Developers Limited,30-Nov-2006
TORNTPOWER,Torrent Power Limited,28-Nov-2006
GESHIP,The Great Eastern Shipping Company Limited,27-Nov-2006
BBL,Bharat Bijlee Limited,21-Nov-2006
AARVEEDEN,Aarvee Denims & Exports Limited,21-Nov-2006
HINDZINC,Hindustan Zinc Limited,21-Nov-2006
SHIVAMAUTO,Shivam Autotech Limited,21-Nov-2006
NAUKRI,Info Edge (India) Limited,21-Nov-2006
GTLINFRA,GTL Infrastructure Limited,09-Nov-2006
SHYAMTEL,Shyam Telecom Limited,06-Nov-2006
INSPIRISYS,Inspirisys Solutions Limited,30-Oct-2006
GLOBALVECT,Global Vectra Helicorp Limited,27-Oct-2006
DCBBANK,DCB Bank Limited,27-Oct-2006
JHS,JHS Svendgaard Laboratories Limited,21-Oct-2006
FIEMIND,Fiem Industries Limited,19-Oct-2006
INFOMEDIA,Infomedia Press Limited,12-Oct-2006
JMFINANCIL,JM Financial Limited,10-Oct-2006
GATI,GATI Limited,10-Oct-2006
ANSALHSG,Ansal Housing Limited,06-Oct-2006
MBECL,Mcnally Bharat Engineering Company Limited,06-Oct-2006
MADHUCON,Madhucon Projects Limited,05-Oct-2006
KSERASERA,KSS Limited,05-Oct-2006
GEECEE,GeeCee Ventures Limited,04-Oct-2006
TALBROAUTO,Talbros Automotive Components Limited,29-Sep-2006
ALICON,Alicon Castalloy Limited,29-Sep-2006
ELECON,Elecon Engineering Company Limited,29-Sep-2006
ANANTRAJ,Anant Raj Limited,27-Sep-2006
HOVS,HOV Services Limited,27-Sep-2006
ACE,Action Construction Equipment Limited,26-Sep-2006
SELAN,Selan Exploration Technology Limited,26-Sep-2006
ATLANTA,Atlanta  Limited,25-Sep-2006
RAMANEWS,Shree Rama Newsprint Limited,20-Sep-2006
VOLTAMP,Voltamp Transformers Limited,20-Sep-2006
DYNAMATECH,Dynamatic Technologies Limited,14-Sep-2006
MANUGRAPH,Manugraph India Limited,14-Sep-2006
GRINDWELL,Grindwell Norton Limited,11-Sep-2006
TECHM,Tech Mahindra Limited,28-Aug-2006
GMRINFRA,GMR Infrastructure Limited,21-Aug-2006
WENDT,Wendt (India) Limited,07-Aug-2006
EMAMILTD,Emami Limited,03-Aug-2006
MUNJALAU,Munjal Auto Industries Limited,19-Jul-2006
ALLCARGO,Allcargo Logistics Limited,23-Jun-2006
PFOCUS,Prime Focus Limited,20-Jun-2006
JKLAKSHMI,JK Lakshmi Cement Limited,19-Jun-2006
GTNTEX,GTN Textiles Limited,18-May-2006
PIONEEREMB,Pioneer Embroideries Limited,16-May-2006
SWELECTES,Swelect Energy Systems Limited,09-May-2006
RATNAMANI,Ratnamani Metals & Tubes Limited,09-May-2006
KAMDHENU,Kamdhenu Limited,09-May-2006
BALPHARMA,Bal Pharma Limited,08-May-2006
LOKESHMACH,Lokesh Machines Limited,05-May-2006
EMKAY,Emkay Global Financial Services Limited,28-Apr-2006
RSYSTEMS,R Systems International Limited,26-Apr-2006
GPIL,Godawari Power And Ispat limited,25-Apr-2006
SUNTV,Sun TV Network Limited,24-Apr-2006
ZICOM,Zicom Electronic Security Systems Limited,18-Apr-2006
KKCL,Kewal Kiran Clothing Limited,13-Apr-2006
ROHITFERRO,Rohit Ferro-Tech Limited,13-Apr-2006
UTTAMSUGAR,Uttam Sugar Mills Limited,10-Apr-2006
SGL,STL Global Limited,10-Apr-2006
MALUPAPER,Malu Paper Mills Limited,05-Apr-2006
GALLANTT,Gallantt Metal Limited,04-Apr-2006
VAKRANGEE,Vakrangee Limited,03-Apr-2006
SOLARINDS,Solar Industries India Limited,03-Apr-2006
SANWARIA,Sanwaria Consumer Limited,27-Mar-2006
KEI,KEI Industries Limited,23-Mar-2006
CENTURYPLY,Century Plyboards (India) Limited,23-Mar-2006
NITCO,Nitco Limited,21-Mar-2006
VISASTEEL,Visa Steel Limited,17-Mar-2006
BLKASHYAP,B. L. Kashyap and Sons Limited,17-Mar-2006
M&MFIN,Mahindra & Mahindra Financial Services Limited,17-Mar-2006
INDOTECH,Indo Tech Transformers Limited,16-Mar-2006
JKCEMENT,JK Cement Limited,14-Mar-2006
KEC,KEC International Limited,10-Mar-2006
SAKUMA,Sakuma Exports Limited,08-Mar-2006
RCOM,Reliance Communications Limited,06-Mar-2006
SADBHAV,Sadbhav Engineering Limited,01-Mar-2006
GVKPIL,GVK Power & Infrastructure Limited,27-Feb-2006
INOXLEISUR,INOX Leisure Limited,23-Feb-2006
JAGRAN,Jagran Prakashan Limited,22-Feb-2006
GSPL,Gujarat State Petronet Limited,16-Feb-2006
ENIL,Entertainment Network (India) Limited,15-Feb-2006
ROHLTD,Royal Orchid Hotels Limited,06-Feb-2006
NITINSPIN,Nitin Spinners Limited,02-Feb-2006
STERTOOLS,Sterling Tools Limited,02-Feb-2006
TINPLATE,The Tinplate Company of India Limited,27-Jan-2006
BALKRISIND,Balkrishna Industries Limited,27-Jan-2006
ANSALAPI,Ansal Properties & Infrastructure Limited,27-Jan-2006
BARTRONICS,Bartronics India Limited,12-Jan-2006
CELEBRITY,Celebrity Fashions Limited,12-Jan-2006
PVR,PVR Limited,04-Jan-2006
REPRO,Repro India Limited,22-Dec-2005
KERNEX,Kernex Microsystems (India) Limited,20-Dec-2005
NAHARINDUS,Nahar Industrial Enterprises Limited,15-Dec-2005
VIMTALABS,Vimta Labs Limited,15-Dec-2005
EKC,Everest Kanto Cylinder Limited,15-Dec-2005
ORIENTABRA,Orient Abrasives Limited,15-Dec-2005
AIAENG,AIA Engineering Limited,14-Dec-2005
TRIVENI,Triveni Engineering & Industries Limited,13-Dec-2005
SORILINFRA,SORIL Infra Resources Limited,06-Dec-2005
BRFL,Bombay Rayon Fashions Limited,05-Dec-2005
BASML,Bannari Amman Spinning Mills Limited,14-Nov-2005
RENUKA,Shree Renuka Sugars Limited,31-Oct-2005
AURIONPRO,Aurionpro Solutions Limited,25-Oct-2005
SUZLON,Suzlon Energy Limited,19-Oct-2005
IMPAL,India Motor Parts and Accessories Limited,07-Oct-2005
SUNFLAG,Sunflag Iron And Steel Company Limited,29-Sep-2005
FCSSOFT,FCS Software Solutions Limited,21-Sep-2005
RAJVIR,Rajvir Industries Limited,20-Sep-2005
ICIL,Indo Count Industries Limited,12-Sep-2005
SASKEN,Sasken Technologies Limited,09-Sep-2005
HTMEDIA,HT Media Limited,01-Sep-2005
RML,Rane (Madras) Limited,30-Aug-2005
GOLDIAM,Goldiam International Limited,29-Aug-2005
PRECOT,Precot Meridian Limited,19-Aug-2005
VIVIMEDLAB,Vivimed Labs Limited,17-Aug-2005
IDFC,IDFC Limited,12-Aug-2005
REVATHI,Revathi Equipment Limited,11-Aug-2005
MCLEODRUSS,Mcleod Russel India Limited,29-Jul-2005
SPLIL,SPL Industries Limited,26-Jul-2005
NECLIFE,Nectar Lifesciences Limited,18-Jul-2005
MSPL,MSP Steel & Power Limited,18-Jul-2005
SUBROS,Subros Limited,13-Jul-2005
YESBANK,Yes Bank Limited,12-Jul-2005
GENUSPOWER,Genus Power Infrastructures Limited,08-Jul-2005
INDIAGLYCO,India Glycols Limited,01-Jul-2005
GEOJITFSL,Geojit Financial Services Limited,01-Jul-2005
VHL,Vardhman Holdings Limited,30-Jun-2005
CASTEXTECH,Castex Technologies Limited,27-Jun-2005
MANINDS,Man Industries (India) Limited,24-Jun-2005
JSWHL,JSW Holdings Limited,21-Jun-2005
MERCATOR,Mercator Limited,20-Jun-2005
63MOONS,63 moons technologies limited,20-Jun-2005
GRANULES,Granules India Limited,20-Jun-2005
PRIMESECU,Prime Securities Limited,17-Jun-2005
JKPAPER,JK Paper Limited,16-Jun-2005
SHAHALLOYS,Shah Alloys Limited,16-Jun-2005
SURYALAXMI,Suryalakshmi Cotton Mills Limited,15-Jun-2005
CYBERMEDIA,Cyber Media (India) Limited,10-Jun-2005
SSWL,Steel Strips Wheels Limited,06-Jun-2005
WELCORP,Welspun Corp Limited,24-May-2005
SHOPERSTOP,Shoppers Stop Limited,23-May-2005
MANGALAM,Mangalam Drugs And Organics Limited,23-May-2005
IIFL,IIFL Finance Limited,17-May-2005
SAKSOFT,Saksoft Limited,09-May-2005
ALLSEC,Allsec Technologies Limited,09-May-2005
EVEREADY,Eveready Industries India Limited,27-Apr-2005
GOKEX,Gokaldas Exports Limited,27-Apr-2005
3IINFOTECH,3i Infotech Limited,22-Apr-2005
GABRIEL,Gabriel India Limited,20-Apr-2005
JPPOWER,Jaiprakash Power Ventures Limited,18-Apr-2005
JINDALPHOT,Jindal Photo Limited,07-Apr-2005
SHRIRAMCIT,Shriram City Union Finance Limited,04-Apr-2005
GDL,Gateway Distriparks Limited,31-Mar-2005
CONSOFINVT,Consolidated Finvest & Holdings Limited,29-Mar-2005
JSWSTEEL,JSW Steel Limited,23-Mar-2005
BEPL,Bhansali Engineering Polymers Limited,21-Mar-2005
XCHANGING,Xchanging Solutions Limited,09-Mar-2005
VIPIND,VIP Industries Limited,02-Mar-2005
PATELENG,Patel Engineering Limited,24-Feb-2005
RANASUG,Rana Sugars Limited,24-Feb-2005
SUPRAJIT,Suprajit Engineering Limited,18-Feb-2005
IMPEXFERRO,Impex Ferro Tech Limited,03-Feb-2005
INDOCO,Indoco Remedies Limited,14-Jan-2005
MRPL,Mangalore Refinery and Petrochemicals Limited,07-Jan-2005
PRESSMN,Pressman Advertising Limited,05-Jan-2005
DWARKESH,Dwarikesh Sugar Industries Limited,31-Dec-2004
JBMA,JBM Auto Limited,17-Dec-2004
KOTARISUG,Kothari Sugars And Chemicals Limited,13-Dec-2004
SALSTEEL,S.A.L. Steel Limited,24-Nov-2004
NTPC,NTPC Limited,05-Nov-2004
WELENT,Welspun Enterprises Limited,04-Nov-2004
ASTRAMICRO,Astra Microwave Products Limited,01-Nov-2004
GUFICBIO,Gufic Biosciences Limited,19-Oct-2004
INDSWFTLTD,Ind-Swift Limited,18-Oct-2004
PAPERPROD,Huhtamaki PPL Limited,01-Oct-2004
TITAN,Titan Company Limited,24-Sep-2004
GULFPETRO,GP Petroleums Limited,24-Sep-2004
TEXINFRA,Texmaco Infrastructure & Holdings Limited,09-Sep-2004
GREAVESCOT,Greaves Cotton Limited,09-Sep-2004
EICHERMOT,Eicher Motors Limited,07-Sep-2004
NIITTECH,NIIT Technologies Limited,30-Aug-2004
TCS,Tata Consultancy Services Limited,25-Aug-2004
MAHSEAMLES,Maharashtra Seamless Limited,25-Aug-2004
ULTRACEMCO,UltraTech Cement Limited,24-Aug-2004
NIITLTD,NIIT Limited,16-Aug-2004
3MINDIA,3M India Limited,13-Aug-2004
CENTEXT,Century Extrusions Limited,20-Jul-2004
APARINDS,Apar Industries Limited,12-Jul-2004
SUPERSPIN,Super Spinning Mills Limited,08-Jul-2004
PGHH,Procter & Gamble Hygiene and Health Care Limited,07-Jul-2004
LT,Larsen & Toubro Limited,23-Jun-2004
EXCELINDUS,Excel Industries Limited,16-Jun-2004
JPASSOCIAT,Jaiprakash Associates Limited,14-Jun-2004
TRENT,Trent Limited,07-Jun-2004
CCL,CCL Products (India) Limited,07-Jun-2004
MPHASIS,MphasiS Limited,04-Jun-2004
KAJARIACER,Kajaria Ceramics Limited,01-Jun-2004
MURUDCERA,Murudeshwar Ceramics Limited,28-May-2004
MIRCELECTR,MIRC Electronics Limited,24-May-2004
NDTV,New Delhi Television Limited,19-May-2004
ANDPAPER,ANDHRA PAPER LIMITED,13-May-2004
DATAMATICS,Datamatics Global Services Limited,07-May-2004
RKFORGE,Ramkrishna Forgings Limited,05-May-2004
MAGMA,Magma Fincorp Limited,27-Apr-2004
XPROINDIA,Xpro India Limited,27-Apr-2004
MAHABANK,Bank of Maharashtra,12-Apr-2004
BIOCON,Biocon Limited,07-Apr-2004
PTC,PTC India Limited,07-Apr-2004
VAIBHAVGBL,Vaibhav Global Limited,05-Apr-2004
DHANBANK,Dhanlaxmi Bank Limited,01-Apr-2004
PETRONET,Petronet LNG Limited,26-Mar-2004
SIMPLEXINF,Simplex Infrastructures Limited,09-Mar-2004
JBFIND,JBF Industries Limited,25-Feb-2004
MUKANDLTD,Mukand Limited,23-Feb-2004
SIL,Standard Industries Limited,27-Jan-2004
UPL,UPL Limited,23-Jan-2004
UNIENTER,Uniphos Enterprises Limited,23-Jan-2004
TVTODAY,TV Today Network Limited,16-Jan-2004
DREDGECORP,Dredging Corporation of India Limited,15-Jan-2004
JTEKTINDIA,Jtekt India Limited,12-Jan-2004
TVSELECT,TVS Electronics Limited,26-Dec-2003
IGL,Indraprastha Gas Limited,26-Dec-2003
JAIBALAJI,Jai Balaji Industries Limited,09-Dec-2003
WELSPUNIND,Welspun India Limited,04-Dec-2003
TATASTLBSL,Tata Steel Bsl Limited,21-Nov-2003
JSL,Jindal Stainless Limited,17-Nov-2003
NSIL,Nalwa Sons Investments Limited,17-Nov-2003
BHEL,Bharat Heavy Electricals Limited,11-Nov-2003
BEML,BEML Limited,05-Nov-2003
SUVEN,Suven Life Sciences Limited,23-Oct-2003
BAGFILMS,B.A.G Films and Media Limited,17-Oct-2003
NCC,NCC Limited,14-Oct-2003
UCOBANK,UCO Bank,09-Oct-2003
IGARASHI,Igarashi Motors India Limited,09-Oct-2003
VARDHACRLC,Vardhman Acrylics Limited,30-Sep-2003
HINDOILEXP,Hindustan Oil Exploration Company Limited,23-Sep-2003
AARTIDRUGS,Aarti Drugs Limited,19-Sep-2003
TATAELXSI,Tata Elxsi Limited,17-Sep-2003
KANSAINER,Kansai Nerolac Paints Limited,15-Sep-2003
ITI,ITI Limited,15-Sep-2003
SUBEX,Subex Limited,05-Sep-2003
VSTIND,VST Industries Limited,05-Sep-2003
AMARAJABAT,Amara Raja Batteries Limited,05-Sep-2003
SMLISUZU,SML Isuzu Limited,29-Aug-2003
OPTOCIRCUI,Opto Circuits (India) Limited,25-Aug-2003
PRSMJOHNSN,Prism Johnson Limited,20-Aug-2003
SRF,SRF Limited,18-Aug-2003
GHCL,GHCL Limited,31-Jul-2003
GILLETTE,Gillette India Limited,30-Jul-2003
VENKEYS,Venky's (India) Limited,28-Jul-2003
AGCNET,AGC Networks Limited,22-Jul-2003
HONAUT,Honeywell Automation India Limited,18-Jul-2003
ZENSARTECH,Zensar Technologies Limited,09-Jul-2003
MARUTI,Maruti Suzuki India Limited,09-Jul-2003
CENTURYTEX,Century Textiles & Industries Limited,27-Jun-2003
INDORAMA,Indo Rama Synthetics (India) Limited,20-Jun-2003
ELECTCAST,Electrosteel Castings Limited,20-Jun-2003
RADICO,Radico Khaitan Limited,18-Jun-2003
BATAINDIA,Bata India Limited,18-Jun-2003
EXIDEIND,Exide Industries Limited,17-Jun-2003
GSKCONS,GlaxoSmithKline Consumer Healthcare Limited,16-Jun-2003
JUBILANT,Jubilant Life Sciences Limited,16-Jun-2003
DRREDDY,Dr. Reddy's Laboratories Limited,30-May-2003
AUTOAXLES,Automotive Axles Limited,29-May-2003
PSL,PSL Limited,29-May-2003
NELCO,NELCO Limited,28-May-2003
BANARISUG,Bannari Amman Sugars Limited,28-May-2003
TATAMETALI,Tata Metaliks Limited,27-May-2003
SANOFI,Sanofi India Limited,19-May-2003
TIRUMALCHM,Thirumalai Chemicals Limited,14-May-2003
VARDMNPOLY,Vardhman Polytex Limited,12-May-2003
MUNJALSHOW,Munjal Showa Limited,12-May-2003
BOSCHLTD,Bosch Limited,12-May-2003
RICOAUTO,Rico Auto Industries Limited,12-May-2003
FOSECOIND,Foseco India Limited,05-May-2003
JBCHEPHARM,JB Chemicals & Pharmaceuticals Limited,29-Apr-2003
JINDALSAW,Jindal Saw Limited,29-Apr-2003
POLYPLEX,Polyplex Corporation Limited,11-Apr-2003
HEROMOTOCO,Hero MotoCorp Limited,11-Apr-2003
BHARATFORG,Bharat Forge Limited,04-Apr-2003
BAJFINANCE,Bajaj Finance Limited,01-Apr-2003
STCINDIA,The State Trading Corporation of India Limited,01-Apr-2003
HONDAPOWER,Honda Siel Power Products Limited,01-Apr-2003
HCC,Hindustan Construction Company Limited,01-Apr-2003
DIVISLAB,Divi's Laboratories Limited,12-Mar-2003
RADAAN,Radaan Mediaworks India Limited,27-Feb-2003
GODREJIND,Godrej Industries Limited,25-Feb-2003
TATASTLLP,Tata Steel Long Products Limited,24-Feb-2003
OMAXAUTO,Omax Autos Limited,20-Feb-2003
GRAPHITE,Graphite India Limited,07-Feb-2003
TNTELE,Tamilnadu Telecommunication Limited,04-Feb-2003
GENESYS,Genesys International Corporation Limited,23-Jan-2003
DEEPAKFERT,Deepak Fertilizers and Petrochemicals Corporation Limited,17-Jan-2003
VTL,Vardhman Textiles Limited,14-Jan-2003
CANBK,Canara Bank,23-Dec-2002
NUCLEUS,Nucleus Software Exports Limited,19-Dec-2002
BLUEDART,Blue Dart Express Limited,12-Dec-2002
ATFL,Agro Tech Foods Limited,06-Dec-2002
NOIDATOLL,Noida Toll Bridge Company Limited,06-Dec-2002
ALBK,Allahabad Bank,29-Nov-2002
SANDESH,The Sandesh Limited,26-Nov-2002
TORNTPHARM,Torrent Pharmaceuticals Limited,25-Nov-2002
VESUVIUS,Vesuvius India Limited,04-Oct-2002
DHFL,Dewan Housing Finance Corporation Limited,01-Oct-2002
APTECHT,Aptech Limited,27-Sep-2002
NATNLSTEEL,National Steel And Agro Industries Limited,26-Sep-2002
UNIONBANK,Union Bank of India,24-Sep-2002
OFSS,Oracle Financial Services Software Limited,28-Jun-2002
HEXAWARE,Hexaware Technologies Limited,14-Jun-2002
TIMESGTY,Times Guaranty Limited,11-Jun-2002
SURANAT&P,Surana Telecom and Power Limited,22-May-2002
PNB,Punjab National Bank,24-Apr-2002
PONNIERODE,Ponni Sugars (Erode) Limited,16-Apr-2002
OLECTRA,Olectra Greentech Limited,20-Mar-2002
ASAL,Automotive Stampings and Assemblies Limited,12-Mar-2002
BHARTIARTL,Bharti Airtel Limited,15-Feb-2002
ESSELPACK,Essel Propack Limited,11-Feb-2002
KRBL,KRBL Limited,21-Jan-2002
MARKSANS,Marksans Pharma Limited,21-Jan-2002
MPSLTD,MPS Limited,21-Jan-2002
JINDALPOLY,Jindal Poly Films Limited,21-Jan-2002
HITECHGEAR,The Hi-Tech Gears Limited,21-Jan-2002
TCI,Transport Corporation of India Limited,21-Jan-2002
FEL,Future Enterprises Limited,05-Nov-2001
MCDOWELL-N,United Spirits Limited,27-Sep-2001
LUPIN,Lupin Limited,10-Sep-2001
JISLJALEQS,Jain Irrigation Systems Limited,13-Aug-2001
AKZOINDIA,Akzo Nobel India Limited,28-Jun-2001
GODREJCP,Godrej Consumer Products Limited,20-Jun-2001
ASTRAZEN,AstraZeneca Pharma India Limited,04-May-2001
SMARTLINK,Smartlink Holdings Limited,11-Apr-2001
GOLDTECH,Goldstone Technologies Limited,11-Apr-2001
NEXTMEDIA,Next Mediaworks Limited,04-Apr-2001
ANDHRABANK,Andhra Bank,04-Apr-2001
SHIRPUR-G,Shirpur Gold Refinery Limited,21-Mar-2001
HAVELLS,Havells India Limited,21-Mar-2001
ONWARDTEC,Onward Technologies Limited,07-Mar-2001
TRIDENT,Trident Limited,21-Feb-2001
HIKAL,Hikal Limited,14-Feb-2001
UNICHEMLAB,Unichem Laboratories Limited,07-Feb-2001
BSELINFRA,BSEL Infrastructure Realty Limited,07-Feb-2001
KHANDSE,Khandwala Securities Limited,07-Feb-2001
WSTCSTPAPR,West Coast Paper Mills Limited,17-Jan-2001
AXISCADES,AXISCADES Engineering Technologies Limited,21-Dec-2000
CREATIVEYE,Creative Eye Limited,20-Dec-2000
TAJGVK,Taj GVK Hotels & Resorts Limited,20-Dec-2000
GLAXO,GlaxoSmithKline Pharmaceuticals Limited,15-Dec-2000
KALPATPOWR,Kalpataru Power Transmission Limited,15-Dec-2000
PNC,Pritish Nandy Communications Limited,11-Dec-2000
STRTECH,Sterlite Technologies Limited,08-Dec-2000
IOB,Indian Overseas Bank,07-Dec-2000
SCHAEFFLER,Schaeffler India Limited,29-Nov-2000
BALAJITELE,Balaji Telefilms Limited,22-Nov-2000
TIPSINDLTD,TIPS Industries Limited,10-Nov-2000
TTML,Tata Teleservices (Maharashtra) Limited,20-Oct-2000
GAEL,Gujarat Ambuja Exports Limited,11-Oct-2000
USHAMART,Usha Martin Limited,11-Oct-2000
PNBGILTS,PNB Gilts Limited,18-Sep-2000
MUKTAARTS,Mukta Arts Limited,12-Sep-2000
NLCINDIA,NLC India Limited,23-Aug-2000
AKSHOPTFBR,Aksh Optifibre Limited,18-Aug-2000
TVSMOTOR,TVS Motor Company Limited,02-Aug-2000
KARURVYSYA,Karur Vysya Bank Limited,26-Jul-2000
TFCILTD,Tourism Finance Corporation of India Limited,26-Jul-2000
BEL,Bharat Electronics Limited,19-Jul-2000
AUROPHARMA,Aurobindo Pharma Limited,19-Jul-2000
CALSOFT,California Software Company Limited,28-Jun-2000
MUKANDENGG,Mukand Engineers Limited,28-Jun-2000
LAKSHVILAS,Lakshmi Vilas Bank Limited,21-Jun-2000
BLUESTARCO,Blue Star Limited,15-Jun-2000
THOMASCOOK,Thomas Cook  (India)  Limited,07-Jun-2000
SUNDRMFAST,Sundram Fasteners Limited,07-Jun-2000
CHENNPETRO,Chennai Petroleum Corporation Limited,07-Jun-2000
BLBLIMITED,BLB Limited,31-May-2000
INDIACEM,The India Cements Limited,31-May-2000
HSIL,HSIL Limited,31-May-2000
CURATECH,Cura Technologies Limited,30-May-2000
AJANTPHARM,Ajanta Pharma Limited,29-May-2000
MFSL,Max Financial Services Limited,17-May-2000
MAHLIFE,Mahindra Lifespace Developers Limited,10-May-2000
KTKBANK,The Karnataka Bank Limited,10-May-2000
CINEVISTA,Cinevista Limited,02-May-2000
GEPIL,GE Power India Limited,19-Apr-2000
CADILAHC,Cadila Healthcare Limited,18-Apr-2000
BIL,Bhartiya International Limited,12-Apr-2000
RAMCOSYS,Ramco Systems Limited,12-Apr-2000
WHEELS,Wheels India Limited,07-Apr-2000
SHREERAMA,Shree Rama Multi-Tech Limited,13-Mar-2000
NRBBEARING,NRB Bearing Limited,08-Mar-2000
JAGSNPHARM,Jagsonpal Pharmaceuticals Limited,01-Mar-2000
WOCKPHARMA,Wockhardt Limited,23-Feb-2000
HAVISHA,Sri Havisha Hospitality and Infrastructure Limited,16-Feb-2000
TATACOFFEE,Tata Coffee Limited,16-Feb-2000
RAJESHEXPO,Rajesh Exports Limited,09-Feb-2000
GLENMARK,Glenmark Pharmaceuticals Limited,07-Feb-2000
STAR,Strides Pharma Science Limited,02-Feb-2000
VISESHINFO,Visesh Infotecnics Limited,14-Jan-2000
HCLTECH,HCL Technologies Limited,06-Jan-2000
JCHAC,Johnson Controls - Hitachi Air Conditioning India Limited,03-Jan-2000
JINDALSTEL,Jindal Steel & Power Limited,29-Dec-1999
TTKPRESTIG,TTK Prestige Limited,22-Dec-1999
SYNDIBANK,Syndicate Bank,22-Dec-1999
ACCELYA,Accelya Solutions India Limited,01-Dec-1999
BERGEPAINT,Berger Paints (I) Limited,24-Nov-1999
BSOFT,BIRLASOFT LIMITED,24-Nov-1999
MOREPENLAB,Morepen Laboratories Limited,24-Nov-1999
TNPETRO,Tamilnadu PetroProducts Limited,27-Oct-1999
SUPPETRO,Supreme Petrochem Limited,13-Oct-1999
NIPPOBATRY,Indo-National Limited,06-Oct-1999
ALEMBICLTD,Alembic Limited,22-Sep-1999
IVC,IL&FS Investment Managers Limited,15-Sep-1999
UNITECH,Unitech Limited,08-Sep-1999
SONATSOFTW,Sonata Software Limited,28-Jul-1999
LINDEINDIA,Linde India Limited,16-Jun-1999
KOPRAN,Kopran Limited,09-Jun-1999
RSSOFTWARE,R. S. Software (India) Limited,19-May-1999
DABUR,Dabur India Limited,28-Apr-1999
PFIZER,Pfizer Limited,28-Apr-1999
SICAL,Sical Logistics Limited,28-Apr-1999
MIRZAINT,Mirza International Limited,28-Apr-1999
NATIONALUM,National Aluminium Company Limited,28-Apr-1999
INGERRAND,Ingersoll Rand (India) Limited,15-Apr-1999
RALLIS,Rallis India Limited,01-Apr-1999
TATACHEM,Tata Chemicals Limited,01-Apr-1999
MTNL,Mahanagar Telephone Nigam Limited,17-Feb-1999
ITDCEM,ITD Cementation India Limited,10-Feb-1999
SKFINDIA,SKF India Limited,27-Jan-1999
CYBERTECH,Cybertech Systems And Software Limited,27-Jan-1999
SOUTHBANK,The South Indian Bank Limited,08-Dec-1998
TATACONSUM,TATA CONSUMER PRODUCTS LIMITED,18-Nov-1998
TATASTEEL,Tata Steel Limited,18-Nov-1998
AXISBANK,Axis Bank Limited,16-Nov-1998
BRITANNIA,Britannia Industries Limited,05-Nov-1998
SINTEX,Sintex Industries Limited,05-Nov-1998
CYIENT,Cyient Limited,30-Sep-1998
ZEEL,Zee Entertainment Enterprises Limited,09-Sep-1998
ARCHIES,Archies Limited,02-Sep-1998
ORIENTHOT,Oriental Hotels Limited,27-Aug-1998
CUB,City Union Bank Limited,25-Aug-1998
LICHSGFIN,LIC Housing Finance Limited,29-Jul-1998
TATAMOTORS,Tata Motors Limited,22-Jul-1998
J&KBANK,The Jammu & Kashmir Bank Limited,22-Jul-1998
TATAINVEST,Tata Investment Corporation Limited,24-Jun-1998
HINDPETRO,Hindustan Petroleum Corporation Limited,17-Jun-1998
KOTHARIPRO,Kothari Products Limited,03-Jun-1998
VEDL,Vedanta Limited,13-May-1998
ATUL,Atul Limited,06-May-1998
TRIGYN,Trigyn Technologies Limited,09-Apr-1998
ASAHIINDIA,Asahi India Glass Limited,18-Mar-1998
AMBUJACEM,Ambuja Cements Limited,18-Feb-1998
INDUSINDBK,IndusInd Bank Limited,28-Jan-1998
MAHAPEXLTD,Maha Rashtra Apex Corporation Limited,21-Jan-1998
SUNDARMFIN,Sundaram Finance Limited,07-Jan-1998
RCF,Rashtriya Chemicals and Fertilizers Limited,07-Jan-1998
ANTGRAPHIC,Antarctica Limited,31-Dec-1997
GMDCLTD,Gujarat Mineral Development Corporation Limited,17-Dec-1997
CORPBANK,Corporation Bank,01-Dec-1997
JAICORPLTD,Jai Corp Limited,26-Nov-1997
JAINSTUDIO,Jain Studios Limited,19-Nov-1997
RANEHOLDIN,Rane Holdings Limited,24-Sep-1997
ICICIBANK,ICICI Bank Limited,17-Sep-1997
ENGINERSIN,Engineers India Limited,20-Aug-1997
ADROITINFO,Adroit Infotech Limited,13-Aug-1997
SCI,Shipping Corporation Of India Limited,13-Aug-1997
FDC,FDC Limited,07-Aug-1997
GUJALKALI,Gujarat Alkalies and Chemicals Limited,07-Aug-1997
DENORA,De Nora India Limited,07-Aug-1997
SAREGAMA,Saregama India Limited,30-Jul-1997
MADRASFERT,Madras Fertilizers Limited,25-Jul-1997
ORIENTBANK,Oriental Bank of Commerce,02-Jul-1997
INDSWFTLAB,Ind-Swift Laboratories Limited,02-Jul-1997
KCPSUGIND,KCP Sugar and Industries Corporation Limited,11-Jun-1997
ADANIENT,Adani Enterprises Limited,04-Jun-1997
TCIFINANCE,TCI Finance Limited,21-May-1997
DCMFINSERV,DCM Financial Services Limited,21-May-1997
INDNIPPON,India Nippon Electricals Limited,07-May-1997
CONCOR,Container Corporation of India Limited,07-May-1997
BANKINDIA,Bank of India,30-Apr-1997
INDRAMEDCO,Indraprastha Medical Corporation Limited,17-Apr-1997
RAMCOCEM,The Ramco Cements Limited,09-Apr-1997
KCP,KCP Limited,09-Apr-1997
GAIL,GAIL (India) Limited,02-Apr-1997
SKMEGGPROD,SKM Egg Products Export (India) Limited,14-Mar-1997
BANKBARODA,Bank of Baroda,19-Feb-1997
HINDALCO,Hindalco Industries Limited,08-Jan-1997
INDIANCARD,Indian Card Clothing Company Limited,08-Jan-1997
HCL-INSYS,HCL Infosystems Limited,01-Jan-1997
SRTRANSFIN,Shriram Transport Finance Company Limited,11-Dec-1996
HERITGFOOD,Heritage Foods Limited,27-Nov-1996
ACC,ACC Limited,20-Nov-1996
SHREYANIND,Shreyans Industries Limited,06-Nov-1996
RAMCOIND,Ramco Industries Limited,06-Nov-1996
KOTHARIPET,Kothari Petrochemicals Limited,02-Nov-1996
ATLASCYCLE,Atlas Cycles (Haryana) Limited,23-Oct-1996
HDFC,Housing Development Finance Corporation Limited,23-Oct-1996
RUCHINFRA,Ruchi Infrastructure Limited,16-Oct-1996
GUJRAFFIA,Gujarat Raffia Industries Limited,09-Oct-1996
SKIL,SKIL Infrastructure Limited,09-Oct-1996
MRF,MRF Limited,18-Sep-1996
WALCHANNAG,Walchandnagar Industries Limited,18-Sep-1996
BINDALAGRO,Oswal Chemicals & Fertilizers Limited,28-Aug-1996
VISAKAIND,Visaka Industries Limited,28-Aug-1996
SOMATEX,Soma Textiles & Industries Limited,14-Aug-1996
MOTHERSUMI,Motherson Sumi Systems Limited,14-Aug-1996
GODFRYPHLP,Godfrey Phillips India Limited,24-Jul-1996
IOC,Indian Oil Corporation Limited,24-Jul-1996
SANGAMIND,Sangam (India) Limited,17-Jul-1996
SUNDRMBRAK,Sundaram Brake Linings Limited,17-Jul-1996
SUBCAPCITY,International Constructions Limited,10-Jul-1996
ZENITHEXPO,Zenith Exports Limited,10-Jul-1996
EASTSILK,Eastern Silk Industries Limited,03-Jul-1996
INDHOTEL,The Indian Hotels Company Limited,03-Jul-1996
NORBTEAEXP,Norben Tea & Exports Limited,26-Jun-1996
KEYFINSERV,Keynote Financial Services Limited,26-Jun-1996
BIOFILCHEM,Biofil Chemicals & Pharmaceuticals Limited,12-Jun-1996
REGENCERAM,Regency Ceramics Limited,05-Jun-1996
SAMBHAAV,Sambhaav Media Limited,05-Jun-1996
KAMATHOTEL,Kamat Hotels (I) Limited,29-May-1996
DHARSUGAR,Dharani Sugars & Chemicals Limited,22-May-1996
SILINV,SIL Investments Limited,22-May-1996
CHOLAFIN,Cholamandalam Investment and Finance Company Limited,15-May-1996
HINDCOMPOS,Hindustan Composites Limited,08-May-1996
GICHSGFIN,GIC Housing Finance Limited,08-May-1996
MARICO,Marico Limited,01-May-1996
CUBEXTUB,Cubex Tubings Limited,24-Apr-1996
ALPSINDUS,Alps Industries Limited,24-Apr-1996
PGHL,Procter & Gamble Health Limited,24-Apr-1996
PANACEABIO,Panacea Biotec Limited,17-Apr-1996
EIMCOELECO,Eimco Elecon (India) Limited,17-Apr-1996
JAYAGROGN,Jayant Agro Organics Limited,17-Apr-1996
AUSOMENT,Ausom Enterprise Limited,17-Apr-1996
MOHOTAIND,Mohota Industries Limited,10-Apr-1996
CARBORUNIV,Carborundum Universal Limited,03-Apr-1996
IFBAGRO,IFB Agro Industries Limited,03-Apr-1996
BHARATGEAR,Bharat Gears Limited,03-Apr-1996
HOTELRUGBY,Hotel Rugby Limited,03-Apr-1996
TATAPOWER,Tata Power Company Limited,03-Apr-1996
PREMIER,Premier Limited,03-Apr-1996
AEGISCHEM,Aegis Logistics Limited,03-Apr-1996
BBTC,Bombay Burmah Trading Corporation Limited,03-Apr-1996
NBVENTURES,Nava Bharat Ventures Limited,03-Apr-1996
CORALFINAC,Coral India Finance & Housing Limited,25-Mar-1996
GREENPLY,Greenply Industries Limited,06-Mar-1996
TNPL,Tamil Nadu Newsprint & Papers Limited,14-Feb-1996
SPMLINFRA,SPML Infra Limited,14-Feb-1996
MODIRUBBER,Modi Rubber Limited,07-Feb-1996
EUROTEXIND,Eurotex Industries and Exports Limited,31-Jan-1996
REMSONSIND,Remsons Industries Limited,31-Jan-1996
SHANTIGEAR,Shanthi Gears Limited,17-Jan-1996
DALMIASUG,Dalmia Bharat Sugar and Industries Limited,17-Jan-1996
NOCIL,NOCIL Limited,17-Jan-1996
SPIC,Southern Petrochemicals Industries Corporation  Limited,10-Jan-1996
INDLMETER,IMP Powers Limited,10-Jan-1996
APOLLOHOSP,Apollo Hospitals Enterprise Limited,10-Jan-1996
MANGLMCEM,Mangalam Cement Limited,03-Jan-1996
M&M,Mahindra & Mahindra Limited,03-Jan-1996
KREBSBIO,Krebs Biochemicals and Industries Limited,03-Jan-1996
JAYBARMARU,Jay Bharat Maruti Limited,03-Jan-1996
NATCOPHARM,Natco Pharma Limited,27-Dec-1995
KOTAKBANK,Kotak Mahindra Bank Limited,20-Dec-1995
KHAITANLTD,Khaitan (India) Limited,20-Dec-1995
SREINFRA,SREI Infrastructure Finance Limited,20-Dec-1995
PREMIERPOL,Premier Polyfilm Limited,13-Dec-1995
KAKATCEM,Kakatiya Cement Sugar & Industries Limited,13-Dec-1995
SWARAJENG,Swaraj Engines Limited,06-Dec-1995
STINDIA,STI India Limited,06-Dec-1995
BIRLACABLE,Birla Cable Limited,06-Dec-1995
RELIANCE,Reliance Industries Limited,29-Nov-1995
RELCAPITAL,Reliance Capital Limited,29-Nov-1995
RIIL,Reliance Industrial Infrastructure Limited,29-Nov-1995
SOMANYCERA,Somany Ceramics Limited,22-Nov-1995
ELGIEQUIP,Elgi Equipments Limited,22-Nov-1995
WIPRO,Wipro Limited,08-Nov-1995
HDFCBANK,HDFC Bank Limited,08-Nov-1995
ANDHRSUGAR,The Andhra Sugars Limited,01-Nov-1995
ESABINDIA,Esab India Limited,01-Nov-1995
NILKAMAL,Nilkamal Limited,01-Nov-1995
RAYMOND,Raymond Limited,18-Oct-1995
DELTAMAGNT,Delta Magnets Limited,18-Oct-1995
ARENTERP,Rajdarshan Industries Limited,18-Oct-1995
PRAJIND,Praj Industries Limited,11-Oct-1995
TOKYOPLAST,Tokyo Plast International Limited,11-Oct-1995
BHARATRAS,Bharat Rasayan Limited,11-Oct-1995
PEARLPOLY,Pearl Polymers Limited,11-Oct-1995
LIBERTSHOE,Liberty Shoes Limited,27-Sep-1995
TIL,TIL Limited,27-Sep-1995
ZODIACLOTH,Zodiac Clothing Company Limited,27-Sep-1995
IDBI,IDBI Bank Limited,20-Sep-1995
ASHAPURMIN,Ashapura Minechem Limited,20-Sep-1995
STARPAPER,Star Paper Mills Limited,13-Sep-1995
IVP,IVP Limited,13-Sep-1995
UCALFUEL,Ucal Fuel Systems Limited,13-Sep-1995
BPCL,Bharat Petroleum Corporation Limited,13-Sep-1995
PRECWIRE,Precision Wires India Limited,06-Sep-1995
SAKHTISUG,Sakthi Sugars Limited,06-Sep-1995
SIEMENS,Siemens Limited,06-Sep-1995
LUMAXIND,Lumax Industries Limited,06-Sep-1995
KESORAMIND,Kesoram Industries Limited,06-Sep-1995
KABRAEXTRU,Kabra Extrusion Technik Limited,06-Sep-1995
APCOTEXIND,Apcotex Industries Limited,06-Sep-1995
GSFC,Gujarat State Fertilizers & Chemicals Limited,06-Sep-1995
DICIND,DIC India Limited,30-Aug-1995
INDIANHUME,Indian Hume Pipe Company Limited,30-Aug-1995
THERMAX,Thermax Limited,30-Aug-1995
OILCOUNTUB,Oil Country Tubular Limited,30-Aug-1995
UFLEX,UFLEX Limited,23-Aug-1995
ITC,ITC Limited,23-Aug-1995
GMBREW,GM Breweries Limited,23-Aug-1995
METALFORGE,Metalyst Forgings Limited,23-Aug-1995
GTNIND,GTN Industries Limited,02-Aug-1995
BSL,BSL Limited,27-Jul-1995
TAINWALCHM,Tainwala Chemical and Plastic (I) Limited,27-Jul-1995
ASHIMASYN,Ashima Limited,27-Jul-1995
MANGTIMBER,Mangalam Timber Products Limited,27-Jul-1995
ONGC,Oil & Natural Gas Corporation Limited,19-Jul-1995
ZODJRDMKJ,Zodiac JRD- MKJ Limited,19-Jul-1995
3PLAND,3P Land Holdings Limited,19-Jul-1995
SUPREMEIND,Supreme Industries Limited,19-Jul-1995
HLVLTD,HLV LIMITED,19-Jul-1995
NKIND,NK Industries Limited,07-Jul-1995
BANARBEADS,Banaras Beads Limited,07-Jul-1995
SAIL,Steel Authority of India Limited,06-Jul-1995
HINDUNILVR,Hindustan Unilever Limited,06-Jul-1995
BALMLAWRIE,Balmer Lawrie & Company Limited,06-Jul-1995
SOTL,Savita Oil Technologies Limited,28-Jun-1995
CRISIL,CRISIL Limited,28-Jun-1995
SEAMECLTD,Seamec Limited,28-Jun-1995
CHAMBLFERT,Chambal Fertilizers & Chemicals Limited,14-Jun-1995
CLNINDIA,Clariant Chemicals (India) Limited,14-Jun-1995
BPL,BPL Limited,14-Jun-1995
APOLLOTYRE,Apollo Tyres Limited,31-May-1995
AUTOLITIND,Autolite (India) Limited,31-May-1995
COROMANDEL,Coromandel International Limited,31-May-1995
ASIANPAINT,Asian Paints Limited,31-May-1995
DCW,DCW Limited,25-May-1995
COSMOFILMS,Cosmo Films Limited,25-May-1995
UTTAMSTL,Uttam Galva Steels Limited,25-May-1995
SUDARSCHEM,Sudarshan Chemical Industries Limited,25-May-1995
GFLLIMITED,GFL Limited,25-May-1995
VLSFINANCE,VLS Finance Limited,25-May-1995
ASHOKLEY,Ashok Leyland Limited,25-May-1995
BASF,BASF India Limited,17-May-1995
GNFC,Gujarat Narmada Valley Fertilizers and Chemicals Limited,17-May-1995
UNIVCABLES,Universal Cables Limited,17-May-1995
HEG,HEG Limited,10-May-1995
VIKASWSP,Vikas WSP Limited,10-May-1995
BAJAJHIND,Bajaj Hindusthan Sugar Limited,10-May-1995
CANFINHOME,Can Fin Homes Limited,10-May-1995
CENTENKA,Century Enka Limited,10-May-1995
SPICEJET,SPICEJET LTD,10-May-1995
GRASIM,Grasim Industries Limited,10-May-1995
GINNIFILA,Ginni Filaments Limited,10-May-1995
WEIZMANIND,Weizmann Limited,10-May-1995
SURYAROSNI,Surya Roshni Limited,10-May-1995
PATSPINLTD,Patspin India Limited,10-May-1995
PRAKASH,Prakash Industries Limited,10-May-1995
JAYNECOIND,Jayaswal Neco Industries Limited,10-May-1995
EIDPARRY,EID Parry India Limited,10-May-1995
SANGHIIND,Sanghi Industries Limited,10-May-1995
MASTEK,Mastek Limited,10-May-1995
ADORWELD,Ador Welding Limited,10-May-1995
21STCENMGM,21st Century Management Services Limited,03-May-1995
IFCI,IFCI Limited,26-Apr-1995
SHREECEM,SHREE CEMENT LIMITED,26-Apr-1995
BOMDYEING,Bombay Dyeing & Mfg Company Limited,26-Apr-1995
HIL,HIL Limited,26-Apr-1995
PAEL,PAE Limited,12-Apr-1995
TATACOMM,Tata Communications Limited,12-Apr-1995
BIRLACORPN,Birla Corporation Limited,12-Apr-1995
FACT,Fertilizers and Chemicals Travancore Limited,12-Apr-1995
ZUARIGLOB,Zuari Global Limited,12-Apr-1995
VOLTAS,Voltas Limited,12-Apr-1995
DCMSHRIRAM,DCM Shriram Limited,12-Apr-1995
CUMMINSIND,Cummins India Limited,29-Mar-1995
DCM,DCM  Limited,29-Mar-1995
DHAMPURSUG,Dhampur Sugar Mills Limited,29-Mar-1995
LAXMIMACH,Lakshmi Machine Works Limited,29-Mar-1995
ABAN,Aban Offshore Limited,29-Mar-1995
EVERESTIND,Everest Industries Limited,29-Mar-1995
GTL,GTL Limited,29-Mar-1995
IFBIND,IFB Industries Limited,29-Mar-1995
INEOSSTYRO,INEOS Styrolution India Limited,29-Mar-1995
ORIENTPPR,Orient Paper & Industries Limited,29-Mar-1995
OSWALAGRO,Oswal Agro Mills Limited,29-Mar-1995
PHILIPCARB,Phillips Carbon Black Limited,29-Mar-1995
PIDILITIND,Pidilite Industries Limited,29-Mar-1995
RAJSREESUG,Rajshree Sugars & Chemicals Limited,29-Mar-1995
RUBYMILLS,The Ruby Mills Limited,29-Mar-1995
SESHAPAPER,Seshasayee Paper and Boards Limited,29-Mar-1995
BAJAJHLDNG,Bajaj Holdings & Investment Limited,15-Mar-1995
HEIDELBERG,HeidelbergCement India Limited,15-Mar-1995
SHREYAS,Shreyas Shipping & Logistics Limited,01-Mar-1995
CGPOWER,CG Power and Industrial Solutions Limited,01-Mar-1995
ESCORTS,Escorts Limited,01-Mar-1995
SBIN,State Bank of India,01-Mar-1995
ROLTA,Rolta India Limited,01-Mar-1995
JAYSREETEA,Jayshree Tea & Industries Limited,15-Feb-1995
FINCABLES,Finolex Cables Limited,15-Feb-1995
RSWM,RSWM Limited,15-Feb-1995
ARVIND,Arvind Limited,08-Feb-1995
WATERBASE,Waterbase Limited,08-Feb-1995
WILLAMAGOR,Williamson Magor & Company Limited,08-Feb-1995
FEDERALBNK,The Federal Bank  Limited,08-Feb-1995
FINPIPE,Finolex Industries Limited,08-Feb-1995
FMGOETZE,Federal-Mogul Goetze (India) Limited.,08-Feb-1995
GIPCL,Gujarat Industries Power Company Limited,08-Feb-1995
GLFL,Gujarat Lease Financing Limited,08-Feb-1995
GOLDENTOBC,Golden Tobacco Limited,08-Feb-1995
HARRMALAYA,Harrisons  Malayalam Limited,08-Feb-1995
HIMATSEIDE,Himatsingka Seide Limited,08-Feb-1995
HINDSYNTEX,Hind Syntex Limited,08-Feb-1995
INFY,Infosys Limited,08-Feb-1995
IPCALAB,IPCA Laboratories Limited,08-Feb-1995
BALRAMCHIN,Balrampur Chini Mills Limited,08-Feb-1995
CESC,CESC Limited,08-Feb-1995
CIPLA,Cipla Limited,08-Feb-1995
PEL,Piramal Enterprises Limited,08-Feb-1995
PENINLAND,Peninsula Land Limited,08-Feb-1995
RELINFRA,Reliance Infrastructure Limited,08-Feb-1995
KANORICHEM,Kanoria Chemicals & Industries Limited,08-Feb-1995
SUNPHARMA,Sun Pharmaceutical Industries Limited,08-Feb-1995
AMJLAND,Amj Land Holdings Limited,08-Feb-1995
ABB,ABB India Limited,08-Feb-1995
AARTIIND,Aarti Industries Limited,08-Feb-1995
NAVNETEDUL,Navneet Education Limited,08-Feb-1995
MOTOGENFIN,The Motor & General Finance Limited,08-Feb-1995
MARALOVER,Maral Overseas Limited,08-Feb-1995
MAHSCOOTER,Maharashtra Scooters Limited,08-Feb-1995
LYKALABS,Lyka Labs Limited,08-Feb-1995
VINDHYATEL,Vindhya Telelinks Limited,08-Feb-1995
EIHOTEL,EIH Limited,08-Feb-1995
KSB,Ksb Limited,08-Feb-1995
FORCEMOT,FORCE MOTORS LTD,03-Nov-1994
KENNAMET,Kennametal India Limited,03-Nov-1994